,Unnamed: 0,ip_str,domain,sshfp,sshKeys,comparison
0,0,206.12.89.235,computecanada.ca,"['1 2 fc8f533c90db416b2d37dfbef6c76c15d947cbc132458d5533b38746317d95c5', '4 2 24a9f546d3399602c6a8e4da4eb79bedc382864de4993d9e502a036ab2c125a3']","['4 2 7f8ce06925b7228d940a046b34f981a7cdf9202ac961943c9eae67607a9b82ea', '4 1 c7cd7cdf4151e52e91f8a2cc642e2a3610fd01f0', '3 2 37b38823d02976b7dff7b5245e1559e832ccb63a8ff2928d960f52616d27aa6e', '3 1 58625ad74c39a477b1cf2f2e6ee9857111d81efb', '1 2 fd0580f2a83fa3d0229c275d81ec2be000a03582395be939f6e09dff767dfc18', '1 1 da6d28a272a5bb66615c720e8fdb90e4b942d189', '1 2 fd0580f2a83fa3d0229c275d81ec2be000a03582395be939f6e09dff767dfc18', '1 1 da6d28a272a5bb66615c720e8fdb90e4b942d189', '1 2 fd0580f2a83fa3d0229c275d81ec2be000a03582395be939f6e09dff767dfc18', '1 1 da6d28a272a5bb66615c720e8fdb90e4b942d189']",False
1,1,157.245.93.138,capindev.tech,"['4 1 aa0bab3c7c5a5ff369b1d1430176de5bd662d157', '1 1 8f47c25b320cd158c7a44a791bdb452a9feff3d5', '3 1 3047ca12b18d89447832effe2c36b0845c4828d3']","['4 2 2ec8b1bf37e2e829d5d44d513bac2dd70e42e7f7df997725591329ef79c2ddcf', '4 1 aa0bab3c7c5a5ff369b1d1430176de5bd662d157', '3 2 4b8ee9e4d361cb1182e92695e2595138711acc6ee3e4dbc4b01a4e9b53e2c7bf', '3 1 3047ca12b18d89447832effe2c36b0845c4828d3', '1 2 3e39a4fbdeb60b8d1828ab2156ce0ffe4e4b506146b5053c56333ee3a451ead9', '1 1 8f47c25b320cd158c7a44a791bdb452a9feff3d5', '1 2 3e39a4fbdeb60b8d1828ab2156ce0ffe4e4b506146b5053c56333ee3a451ead9', '1 1 8f47c25b320cd158c7a44a791bdb452a9feff3d5', '1 2 3e39a4fbdeb60b8d1828ab2156ce0ffe4e4b506146b5053c56333ee3a451ead9', '1 1 8f47c25b320cd158c7a44a791bdb452a9feff3d5']",True
2,2,66.70.220.158,usa-validinfos.com,"['2 1 7490dd583b061d3b5f11bbbcfa22d4c480e268d2', '4 1 74796980ac80c16c0c46bef1f1436738ea7333d8', '1 1 967ef6e7f9469ab26d2828b3696ec02e0d451a40', '3 1 6ac26e69ac2ed91b1391a59c4cc5e42ef7536c11']","['4 2 5df03c4df27724d9b5c72e66951a356ded55e496f42f16f3d02ea51a624d6425', '4 1 74796980ac80c16c0c46bef1f1436738ea7333d8', '3 2 a3d4b0fa0fa931a518273ebf17d54043b75797ab8abd013a83eded9f1e29dacd', '3 1 6ac26e69ac2ed91b1391a59c4cc5e42ef7536c11', '1 2 656f642e26f196866050d154640099831f39e648d9e30e2fa6bdf1ff19d3fb4b', '1 1 967ef6e7f9469ab26d2828b3696ec02e0d451a40', '1 2 656f642e26f196866050d154640099831f39e648d9e30e2fa6bdf1ff19d3fb4b', '1 1 967ef6e7f9469ab26d2828b3696ec02e0d451a40']",True
3,3,51.178.186.64,spicycode.eu,"['4 1 41e269aec5e1dba9434454a32768f807fd9f7e7f', '2 1 771f775ff298d25a762650d29d9a1ac2b3f81e2a', '1 1 4e57e03bfc2a932d5357efd232e61aab767a15c9', '3 1 ef6c14ba85aa506f826dc4a3b8ec5d9929a83c3a']","['4 2 144c2f413e9231a673a485293eca810feedeece8e8e528bfe566d1dcf27952f7', '4 1 41e269aec5e1dba9434454a32768f807fd9f7e7f', '3 2 c69bb96c56152d3faa43a4ed72d153e9629776c78705ec1f073a4f7625534b94', '3 1 ef6c14ba85aa506f826dc4a3b8ec5d9929a83c3a', '1 2 bf0b86e5ed84cc559f26085172f0c2ce0ccaa9e3a6b0829dce1897284fc057b3', '1 1 4e57e03bfc2a932d5357efd232e61aab767a15c9', '1 2 bf0b86e5ed84cc559f26085172f0c2ce0ccaa9e3a6b0829dce1897284fc057b3', '1 1 4e57e03bfc2a932d5357efd232e61aab767a15c9']",True
4,4,217.28.145.209,eu.org,"['2 2 483fec41be7c639bb405e5e68cd15d1b632779bdbc4a2ea1145d3039e64ff570', '3 2 9a13a1c4bede22f86b76f1d4f05625f6b840f1b662bd0c6a13f4665eb3c69cc5', '1 2 dc800284c9b552dcf0ff7385468ce38eac001e511b0e1542705707d070add5d0']","['4 2 085d390d4509bcbdd75a4bab8135207a22c340373f7083404c039dd586654850', '4 1 f959ad81bb448972f478416e180ce3c79b743816', '3 2 99b50c7f40d25fa8ddc6f4c4d0f0b6d35097180e78046b00a2e2be60f624d570', '3 1 3b6c67d40d36fd7968e687fe6659f7448331d6bc', '1 2 e2ec5c0abbb78198f52804503708cb6467d7ff885653ca0dd74ee69f14a59f0c', '1 1 45e1fbb6e4f300ccf2fdc5cd56c937b67328e549', '1 2 e2ec5c0abbb78198f52804503708cb6467d7ff885653ca0dd74ee69f14a59f0c', '1 1 45e1fbb6e4f300ccf2fdc5cd56c937b67328e549', '1 2 e2ec5c0abbb78198f52804503708cb6467d7ff885653ca0dd74ee69f14a59f0c', '1 1 45e1fbb6e4f300ccf2fdc5cd56c937b67328e549']",False
5,5,5.75.140.200,aberrata.net,"['4 2 4e099f961f80bd4efbde250b44cbae29b2442a74358170e616505c029a087935', '1 1 b7f8c9d96b2a49c7dba8ce95b91502e23f57b354', '3 1 6a0d50b77bc40890dd831e7232df23a297df9fc7', '4 1 68b6cc6d1c69f06ed21e38790c6beb8a00ee8fee', '3 2 ee8b382d70fc42f3c7911cdc3fa922545f7bad0c7077677bae8ea1834b7c9629', '1 2 9d55137f46abd8f9792f08ebe6ca6850f08b27d5f6e102fcd30d29a99e4c8fef']","['4 2 1be2cf46ef6e3867c1aad1c3bc316b923671d90c78aa0536f6c226e5cb466640', '4 1 37c68948eb70440da5d81696b367f0affebddafe', '3 2 6f2ff768c5c7ebbca1a5d2713dd599f8430789492becb7acd87cc1335f299b34', '3 1 18762a8f69316508142ba444516973e76ae0a761', '1 2 38823a208f05c320ed226eec701b188c5b72f4c02174e27641516f7ecf26e933', '1 1 947ab3b978319e0dc6e26424e1601fcd0999268a', '1 2 38823a208f05c320ed226eec701b188c5b72f4c02174e27641516f7ecf26e933', '1 1 947ab3b978319e0dc6e26424e1601fcd0999268a']",False
6,6,144.217.117.231,mta02.net,"['3 1 19f1667e885ce433b10f90e8fd3324937e6b527b', '2 1 990588e17d3323cc0da1683c87cd336d560a9a7b', '1 1 137f2fb8c5e4fc6c12dea4578e4579e0f7dcba8c', '4 1 18c26d0e43656ee8bcbb03f3beadad8b364c59c1']","['3 2 01cbc3fb1f30a12103f72364a618d4a7b23d151b790d1f96fb99b29226e3c21a', '3 1 19f1667e885ce433b10f90e8fd3324937e6b527b', '1 2 3fb4215eb987a3db4e5b52d57fb7fda2bf8e57cdb89a6caa859ed37114fdcd31', '1 1 137f2fb8c5e4fc6c12dea4578e4579e0f7dcba8c', '1 2 3fb4215eb987a3db4e5b52d57fb7fda2bf8e57cdb89a6caa859ed37114fdcd31', '1 1 137f2fb8c5e4fc6c12dea4578e4579e0f7dcba8c']",True
7,7,54.39.78.219,infotechnodeals.com,"['3 1 013700abde3cbb1d6945fa457d4930ab7b28867d', '4 1 f094789abcac956b09268cc31a0a4b5aaccc6c56', '2 1 7df904865bc0424e076cf538d4c2a22dda2c9dd3', '1 1 3c61470e2de12ee9140fa712d351a46cbd8e814f']","['4 2 2573993b9e3600461422392b728796d1ddde5921e84aa7361b378d706b2236b8', '4 1 f094789abcac956b09268cc31a0a4b5aaccc6c56', '3 2 aae7effaac459e5eb5d22ea20d1cb3a88a43c633e8c886573947ae8e0e2ed7d5', '3 1 013700abde3cbb1d6945fa457d4930ab7b28867d', '1 2 e344899cdca8f21844741c4bfa5035da0f6611fdc0284e57711897d2ba582e7a', '1 1 3c61470e2de12ee9140fa712d351a46cbd8e814f', '1 2 e344899cdca8f21844741c4bfa5035da0f6611fdc0284e57711897d2ba582e7a', '1 1 3c61470e2de12ee9140fa712d351a46cbd8e814f']",True
8,8,206.12.91.151,computecanada.ca,"['4 2 24a9f546d3399602c6a8e4da4eb79bedc382864de4993d9e502a036ab2c125a3', '1 2 fc8f533c90db416b2d37dfbef6c76c15d947cbc132458d5533b38746317d95c5']","['4 2 85fdc01f53182976e97786ddf273aad0d803966cf69dccf84a716225e3f0ae87', '4 1 826b7003a5c357947bb85a43adc260d9ccb0eba4', '3 2 6e0b9a0b6ddbc996d51683563154fa34eb0c0fa41002dc3eb1a2919a2c060de6', '3 1 4ff10db76551a9a6b2ccadac60a47087d7bd9088', '1 2 027d78929fce738df5224903064fad9c73cce1f891a65d1aa8510872ddf6db27', '1 1 423729434ea4812e42b9d8545de009ad2be33d6e', '1 2 027d78929fce738df5224903064fad9c73cce1f891a65d1aa8510872ddf6db27', '1 1 423729434ea4812e42b9d8545de009ad2be33d6e']",False
9,9,206.12.101.15,computecanada.ca,"['4 2 24a9f546d3399602c6a8e4da4eb79bedc382864de4993d9e502a036ab2c125a3', '1 2 fc8f533c90db416b2d37dfbef6c76c15d947cbc132458d5533b38746317d95c5']","['4 2 49d249781b7846bb7cb754d3953729668393ac9c67a2548ec8f4b217fd18ae4a', '4 1 258e92c932cf201d0b0b014745fc8520be4b9d81', '3 2 962c94b6023698c7ed05481780cb1a12a4fcc891b0c832de28d0ac59eb644899', '3 1 20d8c1fcac4dfab930b9cd1ea3f7bd08fbdea10f', '1 2 b4a969e008ed1fc1160c676c166038bc276b9b7d1c0544a8d31dda6a79366a47', '1 1 0cc2c7c56dd8bb3f5c953ad64a530855d516a1ce', '1 2 b4a969e008ed1fc1160c676c166038bc276b9b7d1c0544a8d31dda6a79366a47', '1 1 0cc2c7c56dd8bb3f5c953ad64a530855d516a1ce']",False
10,10,194.163.171.76,5wh.info,"['2 1 d0c088d5fcf5adeb9dd6721d56463d051386e30a', '3 1 3b87de4389ef3f9768aec932716c6e147fa452f0', '4 1 c41c1455580bcbd47e0ef77a0b0ed25dcd52a370', '1 1 07e65095f335a99453afdd022731b93a39ee60a9']","['4 2 c53950dada9b1420068d185140814263c749b9eb05083f04ab051f35a4c03d5b', '4 1 c41c1455580bcbd47e0ef77a0b0ed25dcd52a370', '3 2 3944c066e9a8e2ed723e17f7cc66fadb4b2f2a10bec3878948041cdddb54f45f', '3 1 3b87de4389ef3f9768aec932716c6e147fa452f0', '1 2 178c3ed2b67d303ea740c04a400d8a670ff9aa68e455d0106ce75af088d44809', '1 1 07e65095f335a99453afdd022731b93a39ee60a9', '1 2 178c3ed2b67d303ea740c04a400d8a670ff9aa68e455d0106ce75af088d44809', '1 1 07e65095f335a99453afdd022731b93a39ee60a9', '1 2 178c3ed2b67d303ea740c04a400d8a670ff9aa68e455d0106ce75af088d44809', '1 1 07e65095f335a99453afdd022731b93a39ee60a9']",True
11,11,91.232.154.104,kapsi.fi,"['3 1 0cb3a9d1a2560896f78549cba87e3735d10c155f', '2 2 020c27213b5b7f9fb34e944fe556e646c3cf8cfda96aedd79e5d4c1421cf4b11', '2 1 0043570db4ca50fd69fcf7775033440452ac470b', '4 2 4f9905adc16dc086889f16d707964353f7b1b8ea2a8e56362d8303cc51e1ba48', '4 1 9f6ce32eaeeb4c860dd28b1852f8ddfbccf62acd', '3 2 6de2dc560d6de376babcf3ef47bd75b04814a265a8387ca7ed006e48fddba80e', '1 1 f569ae42799cd12f3ab31e31db3e0e5e1e8f36a2', '1 2 a77a81ef7826f26d8b0dfd2908c1684d384703779af6812d6c787f283eb07031']","['3 2 6748d7e108c6d911ae1bb4c03055854fad22a5b17b0853d91a63a39ead69f9a3', '3 1 429ecf2bcf4126582290de9016ddaab59f9dfb69', '1 2 5ca1eb76ab76f996f949d3b5d8335ba214ba5ba9ba4a5d567122fc0a3230f2dd', '1 1 562816be778bd340d5e78c4c1ef7ad073491f731', '1 2 5ca1eb76ab76f996f949d3b5d8335ba214ba5ba9ba4a5d567122fc0a3230f2dd', '1 1 562816be778bd340d5e78c4c1ef7ad073491f731', '1 2 5ca1eb76ab76f996f949d3b5d8335ba214ba5ba9ba4a5d567122fc0a3230f2dd', '1 1 562816be778bd340d5e78c4c1ef7ad073491f731']",False
12,12,83.97.42.17,ping.de,['1 1 60d004451b5d560b4adff8ca4cb1a316c72c7187'],"['3 2 f01697f26fd03f6cf54649ed72c61ab9699fe89827a7b493858ad6e2e5ed6fa0', '3 1 b1cf7e244d5ebd5244d83c2bc734e8b6c5ed5e52']",False
13,13,198.168.184.177,computecanada.ca,"['1 2 fc8f533c90db416b2d37dfbef6c76c15d947cbc132458d5533b38746317d95c5', '4 2 24a9f546d3399602c6a8e4da4eb79bedc382864de4993d9e502a036ab2c125a3']","['4 2 db026540d8562dd9097751e22bc8ffb930e2fcf609d0c4a218024ac1cc366519', '4 1 6cc7919bbe210f0e1c144c6cd5bf147e3f17c843', '1 2 ae7cff77ada33772173a835800c50149e2bf64009790e1697953368a0248ac24', '1 1 5ee678cdb448712a9882467eefae460e03bcc8e7', '1 2 ae7cff77ada33772173a835800c50149e2bf64009790e1697953368a0248ac24', '1 1 5ee678cdb448712a9882467eefae460e03bcc8e7']",False
14,14,54.39.13.22,listsourceinfo.com,"['1 1 d3bb9ac412868736c33bafadb77db2bf53b4839e', '4 1 7d25bc40a1ad90e1ef276ce9edd5d6ecff45fa1e', '3 1 15001453bf1a3ffaedee7f3a30030fb1cef66244', '2 1 be003d74f1253a61fb6a17452c7391d9beb9d942']","['4 2 dd795ee1a6860aa9d9f4b7af7d7c164102ddbd7cd1fed3d12e1f7f5ad815355e', '4 1 7d25bc40a1ad90e1ef276ce9edd5d6ecff45fa1e', '3 2 cbfec9ec930ad8b7c879b5c0ba9815b37c10335d34ec836ec5d1d622a60e827e', '3 1 15001453bf1a3ffaedee7f3a30030fb1cef66244', '1 2 b88dff5c5e2026abd119dc2561eb00b2ba1f256bb66d7eb236726b14a8b1b5e0', '1 1 d3bb9ac412868736c33bafadb77db2bf53b4839e', '1 2 b88dff5c5e2026abd119dc2561eb00b2ba1f256bb66d7eb236726b14a8b1b5e0', '1 1 d3bb9ac412868736c33bafadb77db2bf53b4839e']",True
15,15,38.87.162.86,lecturify.net,"['1 1 f612f226bae0a4b00302878da5fa1d443e2f95c1', '1 2 dcff44dea83d320f07ad86f006c9518485cafc42a3f7c47bbd93edf9bb7046bc', '2 1 a99d93ac31e774f1219108b344be2d26dd714eb5', '2 2 c23f23490f60ce9d74a5a39fcff466c5eb3b111b4ff1754e047f86c80cbc56ee', '3 1 396c869cee956d467a946e237e61235e781e100a', '3 2 829f90215ca0da38138ad4534107bb8c73f9b8b61f0dd83ec84654033a5ab730', '4 1 029c430e7bf4ddf648c24fc381c0eeb28093fed9', '4 2 2b4366a6e72b1aed3d7081e9a08f18faa346897dc09f72e61e57220550a2d616']","['4 2 aa6f64519ec9776d1f9c6028feea2a1b2f461b143b78e2e3de100d3e7a958e43', '4 1 555c7812e8781fac93cdbb7ce885c7ea30b407bd', '3 2 f726f83464f83b4d6b6c60243d3e2609386d69509181b3d32f823c320aa1eb85', '3 1 74e2feae6eb8d9cea8d5a4467d6c5fef26e5b07f', '1 2 ab79b5671e3d748c9beb7d9f2e164f62933c17499469ea3e67fdc15826500c10', '1 1 f76c8da4a913cee1317ef4c807d9e10668a32690', '1 2 ab79b5671e3d748c9beb7d9f2e164f62933c17499469ea3e67fdc15826500c10', '1 1 f76c8da4a913cee1317ef4c807d9e10668a32690']",False
16,16,5.9.90.147,zertrin.org,"['1 2 1fc43765703c3dc03ad155778da1f0cdbccd0e84977dd31b23fe41df0083baf8', '1 1 7d9eb392dbb53ed8d4ece9d6dd5b637c27f25b94', '4 2 bdbbec986695c68a2033d753e392613168b03b3b8aa1a79b7fbcd58dbf19e50b', '4 1 ed5bde16d5922e6b9a184f159a4fb2bb02c03b7c']","['4 2 bdbbec986695c68a2033d753e392613168b03b3b8aa1a79b7fbcd58dbf19e50b', '4 1 ed5bde16d5922e6b9a184f159a4fb2bb02c03b7c']",True
17,17,141.95.0.242,grapheneos.org,['4 2 0000000000000000000000000000000000000000000000000000000000000000'],[],False
18,18,66.70.238.17,b2bleadsinfo.com,"['4 1 6a3a5eb90c1d476c9923dbb847a07b7959d7c9ca', '3 1 1870036fc5497b2c83f570ef7f4f31605e0e3910', '2 1 08fec5d917be361f201bef645879741696eb14d0', '1 1 cd9a0dd1af63edc708b2fdab377bae869c88b0cc']","['4 2 aa7bcbba2a164974e09d8500149bf8b50c7b4e7ad1858e383ad7165dd6e26a0f', '4 1 6a3a5eb90c1d476c9923dbb847a07b7959d7c9ca', '3 2 72d69c98b092edd133e8458b92b24df075ab7a53423b4aaaa5cb3279927317f9', '3 1 1870036fc5497b2c83f570ef7f4f31605e0e3910', '1 2 273156d5d579e45f63d2ea9e27b39043055691edf39c8c139a1efce84ad90b33', '1 1 cd9a0dd1af63edc708b2fdab377bae869c88b0cc', '1 2 273156d5d579e45f63d2ea9e27b39043055691edf39c8c139a1efce84ad90b33', '1 1 cd9a0dd1af63edc708b2fdab377bae869c88b0cc']",True
19,19,206.12.101.232,computecanada.ca,"['1 2 fc8f533c90db416b2d37dfbef6c76c15d947cbc132458d5533b38746317d95c5', '4 2 24a9f546d3399602c6a8e4da4eb79bedc382864de4993d9e502a036ab2c125a3']","['4 2 e86465766d4dff6217e53b59467c3073e944a1dd7025865c6225adac35cb1d97', '4 1 b683433fc4c03c294d9a8e526e8926c28d4f7abf', '3 2 121e2ab1a66ef65c061f7530d85af10799daceeeed2f54ceebfd9aad712b6ca2', '3 1 43b730afe5bcabb98fc553b1bbef405d302eae35', '1 2 a2f3d16137d1d4c3bd91dc5f703df080856796bc53e104590f8987173226bc8e', '1 1 c6e7877e4e27b2e8d1018c813a55b7ba886b858a', '1 2 a2f3d16137d1d4c3bd91dc5f703df080856796bc53e104590f8987173226bc8e', '1 1 c6e7877e4e27b2e8d1018c813a55b7ba886b858a']",False
20,20,167.114.206.229,primesolutionsinfo.com,"['3 1 f0b661feae2a25ee1bd7820d99419fcf092626b6', '4 1 0a84aab7eb8cd857cc4710cf8dfbb76a1863017c', '1 1 c616465d8102a8856c258c893df61cc1ad042c44', '2 1 730cd65594361dd6c26460c528367056b48d57cc']","['4 2 cd25efe0112ce3aeedd6a460f02c173b60281fa9a6540c25a6eb2f9f9aeaf824', '4 1 0a84aab7eb8cd857cc4710cf8dfbb76a1863017c', '3 2 b70754da79219ce387cfebc17e848197938689772d23208b66ef5023298f1748', '3 1 f0b661feae2a25ee1bd7820d99419fcf092626b6', '1 2 f3720d6d503df882d9df204806ca4a4861c68f25dcbbc64b7db91958a1a493b2', '1 1 c616465d8102a8856c258c893df61cc1ad042c44', '1 2 f3720d6d503df882d9df204806ca4a4861c68f25dcbbc64b7db91958a1a493b2', '1 1 c616465d8102a8856c258c893df61cc1ad042c44', '1 2 f3720d6d503df882d9df204806ca4a4861c68f25dcbbc64b7db91958a1a493b2', '1 1 c616465d8102a8856c258c893df61cc1ad042c44']",True
21,21,144.91.107.145,goliveict.com,"['4 1 c76263588ec1eee2b56c7f778a291515a818241e', '1 1 57e3b3e4106260884942c3c4965bf901cb3cb924', '3 1 d24e1e303e46ab734bab61de39d618d27ca3001d']","['4 2 41f5aa64bb4e314bba1e19fff333db269cf9a09de473c3d9ad6eac6e8dda9d68', '4 1 c76263588ec1eee2b56c7f778a291515a818241e', '3 2 643d5629877bf5fd2b0dd21e72b49f3c7871155dec026d0369695de69e8508db', '3 1 d24e1e303e46ab734bab61de39d618d27ca3001d', '1 2 22a40ae261a513bbd2f34d60bf49d490afbdb714430caf9afe7368bcce65a6a1', '1 1 57e3b3e4106260884942c3c4965bf901cb3cb924', '1 2 22a40ae261a513bbd2f34d60bf49d490afbdb714430caf9afe7368bcce65a6a1', '1 1 57e3b3e4106260884942c3c4965bf901cb3cb924', '1 2 22a40ae261a513bbd2f34d60bf49d490afbdb714430caf9afe7368bcce65a6a1', '1 1 57e3b3e4106260884942c3c4965bf901cb3cb924']",True
22,23,206.12.95.197,computecanada.ca,"['4 2 24a9f546d3399602c6a8e4da4eb79bedc382864de4993d9e502a036ab2c125a3', '1 2 fc8f533c90db416b2d37dfbef6c76c15d947cbc132458d5533b38746317d95c5']","['4 2 8849ada19f8a89b7b0e3826c78748558f79d8a12786bbcdfc4d24a20b77c65ae', '4 1 827e92fbfeb52482d1d3ba1baa1507d58a45de94', '3 2 6a614927842e68e26d24f6d7ac4bafb18062c8d724b978b9d551f4a8fedc4273', '3 1 498ee4754ed06f1a866ebe8bc248bee252961e54', '1 2 3ce0af309272b52aaaf53125d1f8f3c61ec79de69476c66fcba69b55a7d5cfe6', '1 1 d8649dd21d85218a496b964efcb9b78875496c03', '1 2 3ce0af309272b52aaaf53125d1f8f3c61ec79de69476c66fcba69b55a7d5cfe6', '1 1 d8649dd21d85218a496b964efcb9b78875496c03', '1 2 3ce0af309272b52aaaf53125d1f8f3c61ec79de69476c66fcba69b55a7d5cfe6', '1 1 d8649dd21d85218a496b964efcb9b78875496c03']",False
23,25,51.158.68.104,eu.org,"['3 2 9a13a1c4bede22f86b76f1d4f05625f6b840f1b662bd0c6a13f4665eb3c69cc5', '2 2 483fec41be7c639bb405e5e68cd15d1b632779bdbc4a2ea1145d3039e64ff570', '1 2 dc800284c9b552dcf0ff7385468ce38eac001e511b0e1542705707d070add5d0']","['4 2 5fca09ddb2e85d54a5c0e38a868274cd1aa86dab3eec493a9d9f65d06cce57fb', '4 1 09ea2a3759ccf5ceee8ccc29aa4468d74d945da0']",False
24,26,216.244.94.195,purwakartakab.go.id,"['2 1 a9e19c8dd171c80d47f6f034f3f169f33604ba29', '1 1 b04f140589d5aee85f15af1000907f90a4284b40']","['4 2 d3dda4d53f024a3ccc85247034f587939b6f27ffef430be9e81114445097f66c', '4 1 a4992f813de772301d577d3bbe4936602df92229', '3 2 8dd265ed027164cb79836c7cb94e65d0995e9710d5091d56594b8bb9ae0131c5', '3 1 c49f1dfd145b97d36127244e1f293fd61f414f82', '1 2 175758883c32e45fd3003dd338696daa444b08ed677f12fcfffc79f4fa38e823', '1 1 b04f140589d5aee85f15af1000907f90a4284b40', '1 2 175758883c32e45fd3003dd338696daa444b08ed677f12fcfffc79f4fa38e823', '1 1 b04f140589d5aee85f15af1000907f90a4284b40']",True
25,27,206.12.90.138,computecanada.ca,"['1 2 fc8f533c90db416b2d37dfbef6c76c15d947cbc132458d5533b38746317d95c5', '4 2 24a9f546d3399602c6a8e4da4eb79bedc382864de4993d9e502a036ab2c125a3']","['4 2 9d788d94321201115c13bb48f2741a57800cfa0a6e4c622dc4c75275b49c4e82', '4 1 4939975a123e2504b801538f828a75ddd16b7fb0', '3 2 91bd173d5de76cbe1c355c55447534e0c7d778af8bd34a81137c61a64773cd02', '3 1 1c0091f993372bca4f47f1afeb3adb7315458581', '1 2 ac29295c0dc26144b75f98ab10b31334531d4445bcd1e5ec1ebf76fb56917db5', '1 1 0116d8c93047ee467f0a208616df72e825719c21', '1 2 ac29295c0dc26144b75f98ab10b31334531d4445bcd1e5ec1ebf76fb56917db5', '1 1 0116d8c93047ee467f0a208616df72e825719c21']",False
26,28,91.198.120.1,ytti.fi,"['2 1 31a4f8918ce6238b2f8b5ce05c1aa2f10f03d449', '1 1 d8019783963b42ca00c42cee02eed861e00da0c6']","['4 2 cd458a254738c5838f5a7a512d4d15ba03a2bfe53ef559779004f4c122db3a26', '4 1 bd6c70722b91754aeae462511788a05a36c2176d', '1 2 f05d366e1267c0412fe9ce6fc5163ea765494e012b962c4b9b21d4d0912743df', '1 1 6314b87a249b2ce22974ed0a99e1f4c3018ed7db', '1 2 f05d366e1267c0412fe9ce6fc5163ea765494e012b962c4b9b21d4d0912743df', '1 1 6314b87a249b2ce22974ed0a99e1f4c3018ed7db']",False
27,29,178.32.22.104,hf-services.net,"['1 1 037ef2eb1bd5d459330e84a39f75f9ad31b835cc', '3 1 801963398f7794740359ff5ec99fe56133056884', '4 1 850dd164ee49b3cf5f439852ec1a08ea2fe7f7d2']","['4 2 909c844d1be6f67c85f6f9a78c5f9964de7d81a8048b810db97ce82d1474d4ff', '4 1 e326e16cc8d943f935ddf5c068df356babf3c8b6', '3 2 5341db48c2979019e6e86ba9a81dba47777e21f89736076475e9a2b74b48942c', '3 1 10998c12348d84feb93a8326582dfd0e746b91d9', '1 2 7a3af7507808a31fb7423f00c781c0c6eabc5ad2f14e7fd4b4a14b8a1241cf6d', '1 1 58bf6b522bd24d54ca03f094656005feaff6354b', '1 2 7a3af7507808a31fb7423f00c781c0c6eabc5ad2f14e7fd4b4a14b8a1241cf6d', '1 1 58bf6b522bd24d54ca03f094656005feaff6354b', '1 2 7a3af7507808a31fb7423f00c781c0c6eabc5ad2f14e7fd4b4a14b8a1241cf6d', '1 1 58bf6b522bd24d54ca03f094656005feaff6354b']",False
28,30,206.12.91.155,computecanada.ca,"['1 2 fc8f533c90db416b2d37dfbef6c76c15d947cbc132458d5533b38746317d95c5', '4 2 24a9f546d3399602c6a8e4da4eb79bedc382864de4993d9e502a036ab2c125a3']","['4 2 0e038a1e3dd544ca063271db7c9646f5d22c85bbcf3fde77ef914d179b56650b', '4 1 aeb64eb00da4368e9316f69a2f02b969e9f23a7c', '3 2 3598a5505499f19ca2374fd68df8b1a62649481cc2154773e4b30b554a1b32ce', '3 1 3d4a388d1c69abea4ba018a8c4e6a1594b41f2ad', '1 2 4d3eb7affdea0de099651bdbd327db77647c2ec5f387e79e303e20cad1eb0395', '1 1 c5842ee45536d7a2e09d0bcc5463ba92eee2906c', '1 2 4d3eb7affdea0de099651bdbd327db77647c2ec5f387e79e303e20cad1eb0395', '1 1 c5842ee45536d7a2e09d0bcc5463ba92eee2906c']",False
29,31,142.44.144.47,businesstechnohub.com,"['4 1 9f1bb575e42ab0cd39f28279768c7748c67336ef', '2 1 3864ced3ea4eee4ca0f997acd72a6dcc54f1095a', '1 1 9b108cf9178539be5f0858359cb65467ae043cc6', '3 1 5025df2c394deeb83341602d78f28c84b6ac4cf1']","['4 2 358d32570d37afa0bf25da142b9eb5941da1bd1f330c2a641538d917fd776ab6', '4 1 9f1bb575e42ab0cd39f28279768c7748c67336ef', '3 2 5317b8f47852643f23ac1ed2acba17efe9006b92b2ccc44912c4d1b7393fa58d', '3 1 5025df2c394deeb83341602d78f28c84b6ac4cf1', '1 2 8e6c2ecffff8b4a24b9b841a96336199cd1ef1d927f6096242c07911b352c883', '1 1 9b108cf9178539be5f0858359cb65467ae043cc6', '1 2 8e6c2ecffff8b4a24b9b841a96336199cd1ef1d927f6096242c07911b352c883', '1 1 9b108cf9178539be5f0858359cb65467ae043cc6']",True
30,32,69.88.201.153,watchcomm.net,"['3 1 5009371318e4f68c8fd5d3f339ac60c1a9a3fdbb', '1 1 d1a19cbb7615aee22ab1c72d055c054cf36677f9', '2 1 b5fba2f5d01abf873526fe055cd11b4fbadbe018', '4 1 5c24f002ea646ac1c3ada42ba460a738eeda62ca']","['4 2 4c62c96d09e5f526f76ba559ef7b5584bc3838c9a5d64f5cdb38ffe7f7b64617', '4 1 4b59fb03e795abdd2964fd9254059a1db4eb456d', '1 2 39f8a0d71da38182123f3e9c38e5c988420580631e99fabd6ea6bf285aa582cb', '1 1 ec56e011fd1290f731612033ae9bb34a933108d9', '1 2 39f8a0d71da38182123f3e9c38e5c988420580631e99fabd6ea6bf285aa582cb', '1 1 ec56e011fd1290f731612033ae9bb34a933108d9', '1 2 39f8a0d71da38182123f3e9c38e5c988420580631e99fabd6ea6bf285aa582cb', '1 1 ec56e011fd1290f731612033ae9bb34a933108d9']",False
31,33,37.221.193.45,buttr.de,"['4 2 6229c051df9b6393cb804b5a0485832299ad001903b30dda15e54df6491e2d15', '1 2 1a37e76a49309c62925181a3abb50fe16b6f85517de80a262f4d346a9c384451', '3 2 53f42868ffc391231d1cc3ed5c812048504086d182be8eaaac8c15914df888d2']","['4 2 6229c051df9b6393cb804b5a0485832299ad001903b30dda15e54df6491e2d15', '4 1 fa17e9d0eeb06dc694b647db2438c7f7f20568d1', '3 2 53f42868ffc391231d1cc3ed5c812048504086d182be8eaaac8c15914df888d2', '3 1 eb2b4f41a1ae51723813351d16e21c00a4d597e3', '1 2 1a37e76a49309c62925181a3abb50fe16b6f85517de80a262f4d346a9c384451', '1 1 5ad4450ac4f7a8704be4c38d06b72038259691b7', '1 2 1a37e76a49309c62925181a3abb50fe16b6f85517de80a262f4d346a9c384451', '1 1 5ad4450ac4f7a8704be4c38d06b72038259691b7']",True
32,34,134.119.178.93,iqqmails.com,"['1 1 44c37765c79294aa53751b50c2d9cd83d8b0fa00', '4 1 0e719b8f3c204d27f879159587c9cf811a39dbab', '3 1 d0dc264afe12cc686e85a7d13ae454ad01b28b0e']","['4 2 3d447f00392218e366e6bb67bb1595a35a34b9d544e1521f036badea837c6c7e', '4 1 0e719b8f3c204d27f879159587c9cf811a39dbab', '3 2 6c4dc3f4142136051f6166eee79cef208b27ece5860a8dc04198e0867b3ff762', '3 1 d0dc264afe12cc686e85a7d13ae454ad01b28b0e', '1 2 a783624b9f247a0a039b9016ddf578caf1725a726d476a2ea587e05b33cc10fe', '1 1 44c37765c79294aa53751b50c2d9cd83d8b0fa00', '1 2 a783624b9f247a0a039b9016ddf578caf1725a726d476a2ea587e05b33cc10fe', '1 1 44c37765c79294aa53751b50c2d9cd83d8b0fa00', '1 2 a783624b9f247a0a039b9016ddf578caf1725a726d476a2ea587e05b33cc10fe', '1 1 44c37765c79294aa53751b50c2d9cd83d8b0fa00']",True
33,35,104.130.158.145,opendev.org,"['4 2 c6de2110f23a123691d49e94ea71dc18bd6f7277d7a7f9fc2e76f42389dcab70', '1 1 09f6a01d2175742b257c6b98b7c72c44c4040683', '1 2 4158f281921260b0205508121c6f5cee879e15f22bdbc319ef2ae9fd308db3be', '3 1 91cac088707d2c61d2f0fda132d6f13cae57bcd3', '3 2 65564c015fca69e82e9b9cef35380955720c2345e660c39176782e6706e7fdd0', '4 1 f416a804701190d53b31c5a1efc2f09104c6391b']","['4 2 0da12079cacf35599829075ebb54d96a1a50af9660cd1905ad4b7c9add74e9c6', '4 1 e5816ccbe7c2355f30df1e90999618b803617660', '3 2 1881a76922ec0c9c6adcb9d8c7c289de6f9a69e7148750f7fcb8f2b3d2b69801', '3 1 ebfd7ca4fda8544d58cad1ed30981cd5d8730de0', '1 2 14973471325cdefc2dbd3672e3504236c5fc3c4396a9f545f1d81759cadf68e3', '1 1 d044d66a72d4de233a15efab34b4785dfa529622', '1 2 14973471325cdefc2dbd3672e3504236c5fc3c4396a9f545f1d81759cadf68e3', '1 1 d044d66a72d4de233a15efab34b4785dfa529622']",False
34,36,146.190.163.5,tritechelectrical.ca,"['4 2 fb40f009bf25039878cbbb33655e99288ff22c5cfaa45b560b6c0a163b603677', '1 2 1276aa17771e8e621a394b6d81c50ce1002c4488ab15fef353505cf0efd1fdc9', '3 2 7d5bbcb98505166c9313b37dd5f31d42f993a1abca08653d618b5793a63b2daf']","['4 2 fb40f009bf25039878cbbb33655e99288ff22c5cfaa45b560b6c0a163b603677', '4 1 acda2351b2606236c76c2c4afdf33159de19837d', '3 2 7d5bbcb98505166c9313b37dd5f31d42f993a1abca08653d618b5793a63b2daf', '3 1 5df40116972a3c6e19e22ccbe455d9a465524431']",True
35,37,89.163.243.173,eu.org,"['1 2 dc800284c9b552dcf0ff7385468ce38eac001e511b0e1542705707d070add5d0', '3 2 9a13a1c4bede22f86b76f1d4f05625f6b840f1b662bd0c6a13f4665eb3c69cc5', '2 2 483fec41be7c639bb405e5e68cd15d1b632779bdbc4a2ea1145d3039e64ff570']","['4 2 25384c12fec46dfc281e0fb29e19b677bb7f7cf444505d865faffe00d3cf6328', '4 1 83c2f37f377c99233910e360e926329daa5ce136', '3 2 9c4c3d00131888c1ae25acb8cfc6f5bfb790e1eaf9ffe0f3b04d0315d15322bb', '3 1 a85dd58a6e63062c29ce5e945d091a868d049499', '1 2 d032fc494c9029652dfb25600c249513af98c6957c8e8d8953d8f98a9f189c28', '1 1 ff6531e629bcf741c8ac6bb4dc3f2b1655cb32f9', '1 2 d032fc494c9029652dfb25600c249513af98c6957c8e8d8953d8f98a9f189c28', '1 1 ff6531e629bcf741c8ac6bb4dc3f2b1655cb32f9', '1 2 d032fc494c9029652dfb25600c249513af98c6957c8e8d8953d8f98a9f189c28', '1 1 ff6531e629bcf741c8ac6bb4dc3f2b1655cb32f9']",False
36,38,206.12.101.198,computecanada.ca,"['4 2 24a9f546d3399602c6a8e4da4eb79bedc382864de4993d9e502a036ab2c125a3', '1 2 fc8f533c90db416b2d37dfbef6c76c15d947cbc132458d5533b38746317d95c5']","['4 2 9d1f35680dba6fac7e5cfa704f958f9d3b10ef2ac7308c1e43b152e923337d26', '4 1 866497d507e0aafa4c046d134d2eaeba1b0c1d2f', '3 2 c3a0ff46c5d62aca80f1262be95aad2f1fbb2514b21a94b40543747052300fff', '3 1 079b5cf8095638898eaee0dfb559524fd6f532d4', '1 2 78ec7f7be15b7a52f12f4523841b49b443349c97b3ce28569fb19cebb7450831', '1 1 971ab5ecfee715a866187326f86f125dc859993c', '1 2 78ec7f7be15b7a52f12f4523841b49b443349c97b3ce28569fb19cebb7450831', '1 1 971ab5ecfee715a866187326f86f125dc859993c']",False
37,39,69.88.211.32,watchcomm.net,"['3 1 5009371318e4f68c8fd5d3f339ac60c1a9a3fdbb', '2 1 b5fba2f5d01abf873526fe055cd11b4fbadbe018', '4 1 5c24f002ea646ac1c3ada42ba460a738eeda62ca', '1 1 d1a19cbb7615aee22ab1c72d055c054cf36677f9']","['1 2 28fa425932d552136fb03b7a5b430a40fc4f88087ef1372a794763710b34c9a1', '1 1 b92c86ab4ee12b12f9b60cf070e637e77b5d37d0']",False
38,40,67.205.157.184,robinsons.casa,"['4 2 0a30ef6655709886213cd3739587fcdddd8e13bffa18a7cb4928f3c7fd3e18e9', '1 2 847d669a19d7ab4d8fc5d9ba26d0a006ba3deb3e8508273ba129767cf8c2f6e5', '3 2 a58e542a2fee4ea9acf7031e3fc70eed27a109f73d45ba3f17adf26781f3f224']","['4 2 0a30ef6655709886213cd3739587fcdddd8e13bffa18a7cb4928f3c7fd3e18e9', '4 1 a2bc1a0e6a70b904dd25cad30a4af8591f3c60ae', '3 2 a58e542a2fee4ea9acf7031e3fc70eed27a109f73d45ba3f17adf26781f3f224', '3 1 5a3f57ff3ddb6b9a4e59e8badb8ba71177d98841']",True
39,41,206.12.92.135,computecanada.ca,"['4 2 24a9f546d3399602c6a8e4da4eb79bedc382864de4993d9e502a036ab2c125a3', '1 2 fc8f533c90db416b2d37dfbef6c76c15d947cbc132458d5533b38746317d95c5']","['4 2 948c37dd16ff1c089cdf28f23745034597eab6351f5fbdba684930a928f8ba61', '4 1 4bd955a9291863c2f8eb9b577b05f4166cf23ade', '3 2 2ea6d533ed74c633e3c37236d74d26427912d8143c243b3cfa3128c8df1bd1a9', '3 1 139969e18cf200ac6112f515457073b2a19e67a1', '1 2 4c8a1342229d22bc51a8ec051ff14a72a40402f89183c98e3db6209aadca292e', '1 1 07de13b4b823f3bd9699734a5e06bec7bcba0150', '1 2 4c8a1342229d22bc51a8ec051ff14a72a40402f89183c98e3db6209aadca292e', '1 1 07de13b4b823f3bd9699734a5e06bec7bcba0150', '1 2 4c8a1342229d22bc51a8ec051ff14a72a40402f89183c98e3db6209aadca292e', '1 1 07de13b4b823f3bd9699734a5e06bec7bcba0150']",False
40,42,87.236.146.56,eu.org,"['1 2 dc800284c9b552dcf0ff7385468ce38eac001e511b0e1542705707d070add5d0', '3 2 9a13a1c4bede22f86b76f1d4f05625f6b840f1b662bd0c6a13f4665eb3c69cc5', '2 2 483fec41be7c639bb405e5e68cd15d1b632779bdbc4a2ea1145d3039e64ff570']","['4 2 9a0d50c038cc22b281bcf51c184dff9283c3ee4796bd7e3784605c286090ddda', '4 1 7b1c41a8bb00dae606ee4a8a2c78fedd4f81a2e9', '3 2 f0f9a8b35727aea7bfba9b7a961cc40587272f40a4c22e677f29a5aeb0ca7057', '3 1 9a1cacf9c0d2b7e37cbb89b9d40b031ce841accf', '1 2 00901d9b88f81be04fefc5d9296868cecb0d679f233584b498f79666de2799b6', '1 1 cccad3aea824044aa21c89e2601bcd518ae0ec00', '1 2 00901d9b88f81be04fefc5d9296868cecb0d679f233584b498f79666de2799b6', '1 1 cccad3aea824044aa21c89e2601bcd518ae0ec00']",False
41,43,54.39.92.153,mta06.net,"['3 1 0ca36b1c738721c0494d69d99d35bed830cf5696', '2 1 b7eb4e9c1581db675ca804871765b2f64a31849c', '4 1 bbf71e78c970e8e423522bc4e8f92682bb2a5f5d', '1 1 eefd1bfb9b71c34c39d89510676f9855d31cda7b']","['4 2 08f712205a22bccb4718b6e82a2bd0f07fb0352d17bad70c597f4b51941eedde', '4 1 bbf71e78c970e8e423522bc4e8f92682bb2a5f5d', '3 2 4d04806f96b1b76281a05683b37f6119b4f23e8b39a7a960a6f06e0043bb2f06', '3 1 0ca36b1c738721c0494d69d99d35bed830cf5696', '1 2 200aac84b705f6b4c19325aad330d8d54c3677d20aeea747443d1c3fd37c3511', '1 1 eefd1bfb9b71c34c39d89510676f9855d31cda7b', '1 2 200aac84b705f6b4c19325aad330d8d54c3677d20aeea747443d1c3fd37c3511', '1 1 eefd1bfb9b71c34c39d89510676f9855d31cda7b']",True
42,44,159.69.238.84,casa-due-pur.de,"['4 2 11afa08d70f578ab6f3ba1e355b1b026245cb1326ff03fadfe060b5919e1bf8c', '3 1 3b559b688f903338edfd075d2bac1bacb22118da', '1 1 fbb8e1837c6bc1dc8ff961f3054b29706997e850', '1 2 931c1c66c8d19ef56fa84d2b0ed2c97bd65a5ea15a226783917d438ab55fa1ab', '3 2 d5c7ff4e590ecbb35ed71b8e68066c8cc6acb637d7b23cc458c23e0bc05db58e', '4 1 825e9a09b99c4937c055955d40e893c03368c7c6']","['4 2 e3a34bd70058a49e487e3e2a5c356e8710307e1b0afd3a1709a74341b7238071', '4 1 ecd0a48f97e1dc85092f57774572522d9afa83c2', '3 2 e9bdc6113bc6fbf3bdf71174fd3ed500a2e55061bfa6e2dcd5ff843dd528900c', '3 1 18fa333ea12f0fdb0746f82c8b71188c67187a2f', '1 2 7783145a26cd7b9d5a65f1ee48f096953dd7f867d297ed92e1b591c76d08718c', '1 1 ddc3217f2668b1c5be2ecde98173c7f50b400a66', '1 2 7783145a26cd7b9d5a65f1ee48f096953dd7f867d297ed92e1b591c76d08718c', '1 1 ddc3217f2668b1c5be2ecde98173c7f50b400a66']",False
43,45,206.12.90.245,computecanada.ca,"['4 2 24a9f546d3399602c6a8e4da4eb79bedc382864de4993d9e502a036ab2c125a3', '1 2 fc8f533c90db416b2d37dfbef6c76c15d947cbc132458d5533b38746317d95c5']","['4 2 0d854fb404f9f906b130a15ec283eff31f53108e3b473cc124448b9af7e86575', '4 1 17821a4e61cc813075bf66d8a24527cc8d1e00e1', '3 2 c5a4f1751d7a442ab3374ab6f85cf886039f251fb35e0caeedafe539b75ce7df', '3 1 13d6166e54fab4bc3298f1fe368bbecf3ffdf13e', '1 2 820e1707aba847d9816f783ff10268fc6b108ac39027341562047c3c3a33adaf', '1 1 4ad27800c1eef263fc49ab342a8e6b483ecb60f4', '1 2 820e1707aba847d9816f783ff10268fc6b108ac39027341562047c3c3a33adaf', '1 1 4ad27800c1eef263fc49ab342a8e6b483ecb60f4']",False
44,46,206.12.90.208,computecanada.ca,"['4 2 24a9f546d3399602c6a8e4da4eb79bedc382864de4993d9e502a036ab2c125a3', '1 2 fc8f533c90db416b2d37dfbef6c76c15d947cbc132458d5533b38746317d95c5']","['4 2 817338583a4ba0e3350e540c203a8c8a880526a26dec234a0a56d4fa6216f618', '4 1 a44537462f4e99c5d955cd3091c05676e9a81983', '3 2 03a2cfa12eeb100e32fdf9eee62fe555a3540e69bcb22bb255b66f5d6c1e1a29', '3 1 cb720759f13d91110b4a7985a34d64693cb4d345', '1 2 8753e0147f9f05ec3b8985c0cad968f1d0195ac19ae099a4738f8a6f875bbe66', '1 1 1b080939676f47a33bf125212c1fc0d62b5618ad', '1 2 8753e0147f9f05ec3b8985c0cad968f1d0195ac19ae099a4738f8a6f875bbe66', '1 1 1b080939676f47a33bf125212c1fc0d62b5618ad', '1 2 8753e0147f9f05ec3b8985c0cad968f1d0195ac19ae099a4738f8a6f875bbe66', '1 1 1b080939676f47a33bf125212c1fc0d62b5618ad']",False
45,47,192.104.234.214,insect.com,"['4 2 fed07f9ab559c3697c807bef291d24325253c8b522434e4ebf0b743679924c2a', '1 2 4bd9982b13adb924795251adbb037d22971fc91a231d53eb559e4a439cc5d24f', '4 1 a86fbf991661b46e0b4611d2a6ef483d135599ce', '1 1 da566b9c5016267ccb2cc4e1f47e3ab318fd74a9', '3 1 26f4339d45d9e54b46841fc0a14a8a5b4f767bbf', '3 2 cdee41697bdfb198c526efa19871d007fa94ce1d0a5331082a032f99e9c24955']","['4 2 7f0da3776ac6eeb6e300ed1464f16893dac94edfb12d1e21e0fd1fcb737324ae', '4 1 abaaf5fbc25d9c734a04d17b1bf801755c44bae1', '3 2 6ca1d7998d8a0c9baf4ce691ac51b72b391334de3ddc1ed794c68b8cbca07caf', '3 1 3908896b163b376cb808b89748724484931622bc', '1 2 ff3468007b8dd8689331bb8ee85f3d1f08b54937f8fc6176e97341865ade1958', '1 1 40b5cea12bdad80d2c2cd3912bc389a6802cca45', '1 2 ff3468007b8dd8689331bb8ee85f3d1f08b54937f8fc6176e97341865ade1958', '1 1 40b5cea12bdad80d2c2cd3912bc389a6802cca45']",False
46,48,75.119.159.101,ivanamat.es,"['2 1 2e735af2d4bc45ee8c709234031c8e8b11a91d20', '3 1 484a7c85116df18d99ca36e81669e5bcd6aff363', '4 1 49824f2d8cbe2ecae1b80347a7e8e0934fc5c3f7', '1 1 2275cfe84608c77a0aaf9d8b21975752a37d383a']","['4 2 fdcd1aece91d019d4b00bfe8e56986087471321a2aa9cd48a07ab110bfd20829', '4 1 5bad86f8255680482933ddeb4431f5cbc493803e', '3 2 3cae4946e6b2e1e398978cfadf79f95fb59d32f7307873dffe5cd32fd71bad8a', '3 1 0de0ca21d650cfa4190c65b4b53676d96ee9ac67', '1 2 05811895d1304d0a4545f059c6a4011218dbeccefc7ba132a2d6524faadc5d9c', '1 1 7d2748b0d3a35f0cecdad4f21a7b8c209e1990c8', '1 2 05811895d1304d0a4545f059c6a4011218dbeccefc7ba132a2d6524faadc5d9c', '1 1 7d2748b0d3a35f0cecdad4f21a7b8c209e1990c8']",False
47,49,206.12.94.79,computecanada.ca,"['1 2 fc8f533c90db416b2d37dfbef6c76c15d947cbc132458d5533b38746317d95c5', '4 2 24a9f546d3399602c6a8e4da4eb79bedc382864de4993d9e502a036ab2c125a3']","['4 2 9298a0750a4fdd413fe41b2a791b0e36b1c5cfc91ab0c41f02fe0eff4f24253f', '4 1 786ddf8e039b0bf98c5462f34704e1eace11342b', '3 2 b27a942eac2b0b965aaeb785d2074492a5ca41598558c5b874f5707b921143b2', '3 1 bd722e73ce7a9522aac50e1778bdea58389547c2', '1 2 c4050eb48583501a8b9c8e5dbe7f03277f6c90c2e9406de224304e619f38793c', '1 1 bf01ec7921ce0d6e5c820ac39ad0e917e8931275', '1 2 c4050eb48583501a8b9c8e5dbe7f03277f6c90c2e9406de224304e619f38793c', '1 1 bf01ec7921ce0d6e5c820ac39ad0e917e8931275', '1 2 c4050eb48583501a8b9c8e5dbe7f03277f6c90c2e9406de224304e619f38793c', '1 1 bf01ec7921ce0d6e5c820ac39ad0e917e8931275']",False
48,50,206.12.89.206,computecanada.ca,"['4 2 24a9f546d3399602c6a8e4da4eb79bedc382864de4993d9e502a036ab2c125a3', '1 2 fc8f533c90db416b2d37dfbef6c76c15d947cbc132458d5533b38746317d95c5']","['4 2 42d12512776a1ba7c727a5f50f16212eab0082a7e03294653b99454caee4fc96', '4 1 502ae83e4e7937e5f05eeb0067708fc544ae53e0', '3 2 64d777a689b84f8318e4985a6759e740e80953aed9076d996de674300b6aedb4', '3 1 23438c1693688a811b4fca3cec8440620413dc1a', '1 2 68e11180da7dc7e04429da509cb8a282f99e90a3abe4e1e279a4035ea2ba22a3', '1 1 081b406c3c6a2a791b51318d1220378e0c07b1e5', '1 2 68e11180da7dc7e04429da509cb8a282f99e90a3abe4e1e279a4035ea2ba22a3', '1 1 081b406c3c6a2a791b51318d1220378e0c07b1e5', '1 2 68e11180da7dc7e04429da509cb8a282f99e90a3abe4e1e279a4035ea2ba22a3', '1 1 081b406c3c6a2a791b51318d1220378e0c07b1e5']",False
49,51,206.12.92.230,computecanada.ca,"['4 2 24a9f546d3399602c6a8e4da4eb79bedc382864de4993d9e502a036ab2c125a3', '1 2 fc8f533c90db416b2d37dfbef6c76c15d947cbc132458d5533b38746317d95c5']","['4 2 28ce771b66e54b5c4e36b89b88cec28a745911c58a4a711a70ee261bae000b73', '4 1 d8b0ad9b36c376682cb89da71a4b00175136ce6d', '3 2 99a5d6ba3695a52e8ec49be06d769f6eb000a06bb38a8ae6070056d444831780', '3 1 3ecc2c7d5365f3bb1208fc428aa2eb9755df674c', '1 2 bde14c2f0e03432380b2b3ffa31e4980112a5a0c950525efef6ce813c03dae9b', '1 1 57551d60a8ed24ab0612c3b578ad1ec0036d2c04', '1 2 bde14c2f0e03432380b2b3ffa31e4980112a5a0c950525efef6ce813c03dae9b', '1 1 57551d60a8ed24ab0612c3b578ad1ec0036d2c04', '1 2 bde14c2f0e03432380b2b3ffa31e4980112a5a0c950525efef6ce813c03dae9b', '1 1 57551d60a8ed24ab0612c3b578ad1ec0036d2c04']",False
50,52,206.12.93.234,computecanada.ca,"['4 2 24a9f546d3399602c6a8e4da4eb79bedc382864de4993d9e502a036ab2c125a3', '1 2 fc8f533c90db416b2d37dfbef6c76c15d947cbc132458d5533b38746317d95c5']","['4 2 b675d0a059e12f5d744158481efa216e72ff8fd4c5cfbd5677bc7eda9a8a1852', '4 1 26930486a696497484184a6a602c93f4d3fb0719', '3 2 ef761bef57594abd87472107de16a1ef25cbb0a3134237615ae3994a6e9f4031', '3 1 b873be6e897f20403db1881b96f2716ffabea1f8', '1 2 101cc38657bd77764b16d1037ba1b6ed90d7796f13b778c4fe4d63e7c4dbe3d7', '1 1 70e7c45705225c8fa14532caf7dfd9d17dbc36a3', '1 2 101cc38657bd77764b16d1037ba1b6ed90d7796f13b778c4fe4d63e7c4dbe3d7', '1 1 70e7c45705225c8fa14532caf7dfd9d17dbc36a3']",False
51,53,206.12.89.236,computecanada.ca,"['1 2 fc8f533c90db416b2d37dfbef6c76c15d947cbc132458d5533b38746317d95c5', '4 2 24a9f546d3399602c6a8e4da4eb79bedc382864de4993d9e502a036ab2c125a3']","['4 2 74c605e9fb4e35b64a67b465d922a8d132524cb6f1eb35689f783c179c8775ba', '4 1 cbfb236cabd1dd58d326991ae1915e77f84822ee', '3 2 e26cb6e5088a17d2afe1240b564e904b50c925b3437cc5e25d12218595faccbf', '3 1 ad43c2f4d9610609b74c8e6cd0a172f513bb54a3', '1 2 9b5a83ffe9769202e7aaa751ccce7e7e5cd4210a5430a54536201b8422f63aab', '1 1 adf74b35470003c06f9939741fba64a088da0857', '1 2 9b5a83ffe9769202e7aaa751ccce7e7e5cd4210a5430a54536201b8422f63aab', '1 1 adf74b35470003c06f9939741fba64a088da0857', '1 2 9b5a83ffe9769202e7aaa751ccce7e7e5cd4210a5430a54536201b8422f63aab', '1 1 adf74b35470003c06f9939741fba64a088da0857']",False
52,54,195.201.94.75,percondigital.com,"['1 1 0f627b83c0a9b72210b1bf01f61e77f241d00fc0', '3 1 2a2e9e18b69aeebc87ffa24c2aae5cdf3f9d0cee', '4 1 0e943c2ce6d9051420be0a69f2186449d9dbf6d6']","['4 2 d8b3c5e3a9e661b6f7cfe274465505092f0208259202f74aa4f906ee3e14aac8', '4 1 0e943c2ce6d9051420be0a69f2186449d9dbf6d6', '3 2 be2f6fa548d3b326b8bdd80ce5e0cfa44a8d3cc1c6e76c22f34c34245b8c07b7', '3 1 2a2e9e18b69aeebc87ffa24c2aae5cdf3f9d0cee', '1 2 7674da6d5918f83900f96d126bc85605c2baf0ef4a0798a3933c9a98f7ff3294', '1 1 0f627b83c0a9b72210b1bf01f61e77f241d00fc0', '1 2 7674da6d5918f83900f96d126bc85605c2baf0ef4a0798a3933c9a98f7ff3294', '1 1 0f627b83c0a9b72210b1bf01f61e77f241d00fc0', '1 2 7674da6d5918f83900f96d126bc85605c2baf0ef4a0798a3933c9a98f7ff3294', '1 1 0f627b83c0a9b72210b1bf01f61e77f241d00fc0']",True
53,55,104.239.145.30,opendev.org,"['1 1 09f6a01d2175742b257c6b98b7c72c44c4040683', '1 2 4158f281921260b0205508121c6f5cee879e15f22bdbc319ef2ae9fd308db3be', '3 1 91cac088707d2c61d2f0fda132d6f13cae57bcd3', '3 2 65564c015fca69e82e9b9cef35380955720c2345e660c39176782e6706e7fdd0', '4 1 f416a804701190d53b31c5a1efc2f09104c6391b', '4 2 c6de2110f23a123691d49e94ea71dc18bd6f7277d7a7f9fc2e76f42389dcab70']","['4 2 46f54ebc819ac89feadb6f7bab09fd4d8a47323946db13bb3b1c4197d3813cb6', '4 1 ad9ddd081506e46e8cc412cd28f4f59531bac0e6', '3 2 f3b2367672d74d70add787594b498e63a6b694c59098a05ffa1456a27f37484a', '3 1 f880647678d10559cbf6eb0c29ab6d442294570e', '1 2 e9c197f8d233a74a06b112c77a965db79046a0b88794861b58328fddb5a0b8bf', '1 1 4955bb9399612aa774f01e6f2d9b28b11c351bbf', '1 2 e9c197f8d233a74a06b112c77a965db79046a0b88794861b58328fddb5a0b8bf', '1 1 4955bb9399612aa774f01e6f2d9b28b11c351bbf']",False
54,56,74.126.32.3,watchcomm.net,"['4 1 5c24f002ea646ac1c3ada42ba460a738eeda62ca', '1 1 d1a19cbb7615aee22ab1c72d055c054cf36677f9', '3 1 5009371318e4f68c8fd5d3f339ac60c1a9a3fdbb', '2 1 b5fba2f5d01abf873526fe055cd11b4fbadbe018']","['4 2 404ac95673ca4c071479d304ddfe1f0f4abe1e7c3bdf4379d4f9bee11afabb44', '4 1 977c37b5b9054e39c1a23efc132add00a2a6eb10', '3 2 1a260302268430e9fafa11dc22b59f89c5a62c0e2cc2edeb63d9d948955b7d5a', '3 1 f5e0f546a7537c8936c99dd416a727d3f7f97996', '1 2 6d984ff05914de8817e99467970f82d0a0b35098ae7f1d5bce75c80e8761f727', '1 1 c65b69e4606e92bea2bb7df99112c823bc133296', '1 2 6d984ff05914de8817e99467970f82d0a0b35098ae7f1d5bce75c80e8761f727', '1 1 c65b69e4606e92bea2bb7df99112c823bc133296']",False
55,57,45.155.121.197,eu.org,"['1 2 dc800284c9b552dcf0ff7385468ce38eac001e511b0e1542705707d070add5d0', '3 2 9a13a1c4bede22f86b76f1d4f05625f6b840f1b662bd0c6a13f4665eb3c69cc5', '2 2 483fec41be7c639bb405e5e68cd15d1b632779bdbc4a2ea1145d3039e64ff570']","['4 2 71c5b30c8aaa58bf65a8e76eda0b8515980d52da92925d82d33303c824820616', '4 1 00696e3ac05052ef8c5936a5b29558be12ce8e78', '1 2 cee0e9f99df4dec07e06dcf40df0e76a31200abf28a9ef051eabbc57bb732529', '1 1 051d44f494d4ba24df800a27f35d171d4664cb78', '1 2 cee0e9f99df4dec07e06dcf40df0e76a31200abf28a9ef051eabbc57bb732529', '1 1 051d44f494d4ba24df800a27f35d171d4664cb78']",False
56,58,206.12.89.223,computecanada.ca,"['4 2 24a9f546d3399602c6a8e4da4eb79bedc382864de4993d9e502a036ab2c125a3', '1 2 fc8f533c90db416b2d37dfbef6c76c15d947cbc132458d5533b38746317d95c5']","['4 2 063d25b10a577c84f55023bb20558df47babcf813ed69020e9c1ca8a8340397b', '4 1 a232b6aca6502271a79e200ffd95a5fca30ddd6b', '3 2 f3181feb7525a0085443df379f8c3ce1627c864e8e2d8cf6b7c652ac0793dec6', '3 1 8d6616aa0d45714d6f96244da9669a5cc5ca9e9c', '1 2 17a1901e5a570a0a270241f7a90458e1a4d932a797f4ff6813418cdf6e05c05a', '1 1 7ee5eeb961b068d3d6d1032c0df56ac9be8e11c4', '1 2 17a1901e5a570a0a270241f7a90458e1a4d932a797f4ff6813418cdf6e05c05a', '1 1 7ee5eeb961b068d3d6d1032c0df56ac9be8e11c4', '1 2 17a1901e5a570a0a270241f7a90458e1a4d932a797f4ff6813418cdf6e05c05a', '1 1 7ee5eeb961b068d3d6d1032c0df56ac9be8e11c4']",False
57,59,198.168.186.163,computecanada.ca,"['4 2 24a9f546d3399602c6a8e4da4eb79bedc382864de4993d9e502a036ab2c125a3', '1 2 fc8f533c90db416b2d37dfbef6c76c15d947cbc132458d5533b38746317d95c5']","['4 2 fe9e7b2e20b782329f5153658dd369875b1a602f2ed737457914eecc01319112', '4 1 1635ca0af27666f7cb1d8a6e2d8e66bfef1b91e4', '3 2 91137af08e8b800dec4a5f69503056158697ee4161b42242eeecbf752c09cd6c', '3 1 af12ad00a7fba233ae2874f0e36aa7fce3e5ebb2', '1 2 adc4cec13da51af2f6f8a5d612d7f852d09e44e3cdcdb9cf4af407cac24f3856', '1 1 efa6c35d52a1d00b876771b63a6c78357637b89d', '1 2 adc4cec13da51af2f6f8a5d612d7f852d09e44e3cdcdb9cf4af407cac24f3856', '1 1 efa6c35d52a1d00b876771b63a6c78357637b89d', '1 2 adc4cec13da51af2f6f8a5d612d7f852d09e44e3cdcdb9cf4af407cac24f3856', '1 1 efa6c35d52a1d00b876771b63a6c78357637b89d']",False
58,60,94.237.120.189,dsgnmail.com,"['1 2 fcf6878102355eef02bb05601ef1bc547670f4b886e19e271c1ea161f8314edf', '3 2 0e3c4e589d81b8ec11c360d93d58313f69475c00b75687dbd28ae496f55b458c', '4 2 f8882eba6ada3bd13eb1d7d087e427a0353323a906307091092a6e5c3d762d00']","['4 2 f8882eba6ada3bd13eb1d7d087e427a0353323a906307091092a6e5c3d762d00', '4 1 87a1c7f5342e24343a478680845b21a3154fe6f2', '3 2 0e3c4e589d81b8ec11c360d93d58313f69475c00b75687dbd28ae496f55b458c', '3 1 81161f51cc6d651913b4a8f6010516597b66a829']",True
