ip_str,host_nslookup,sshfp_for_hosts
185.230.79.9,silice.crans.org,"['1 1 e929232a2290732a1e5fa08e83e4a8113eaddc47', '3 1 ab43683d91b929bfbc0eb77cb079ea95100c092d', '3 2 1cde7afb4220d45b738d28fc4557a63e973054a2470e49c3ae2678c413cac92a', '4 1 13ef6e1270fbd5e62a78f902a94ee74461f870e9', '4 2 d9644c8ed3f33f20265a781f7bc5b45d2f61be6654035ac0c4cc5c804e387edd', '1 2 c46fe503a2baf5d78c052966b8cc2dd8df393cc8d237cd8125ba7126ca39e397']"
31.24.147.83,plutex-gw1.fsfeurope.org,"['4 2 6ff411041c3ea5f522111ddcdde76c048dfdace56a45d5eb3caebb8762cf6634', '4 1 dc77050fc518cf4c723d9db7a3fd1ccc2032f4a3']"
198.58.126.226,mail.heartlandhill.org,"['1 2 68b13b0dd20c407e8696ad8935fb83f42832f4e91da51991c628294529059238', '3 2 603c8e0f839a996bc9ee42f2dd29e4968bbfd35322f3b500984e868c2066f877', '4 2 055b8a1667d3db6267f5e3bd8f7b67cb737661783c5b9086021f87b597aaaa98']"
185.134.197.14,c4.http.faelix.net,"['2 2 872c5347367226080862a143bd05c97627eb1fa3f0ed912ff2ed6a3efb946c52', '1 1 b458031a30e4ed147864b267aef1f1f04b438bff', '3 2 d05a3adbdf5c51847191565b79b9c78a6c5e0b2e3c6e35edca4be1d51444b9d6', '4 2 a754a211cfaed23db592fe86575273eb715205a917cf934321d84dbf62b100e8', '2 1 190ab910c9f670c957007f9b141cda4cb4db6d28', '3 1 13acaca58c08e9b28a1583812984457221d1d7da', '4 1 dd4835638a4d0245191146865921521cdea2a617']"
52.35.159.191,box.pauldapolito.com,"['3 2 2edcf538cf66336607d921b64c99adbb89c14a9118f507b6e327a97656804915', '4 2 35280f7668556f8e92036f01e9b4edb531aaf976d8dea04be23d1c5288a95caa', '1 2 cac7acd3df91916fc4da0cc8eba970331159490a2a0634badb8b28e6a37be46e']"
66.70.220.158,smtp03.usa-validinfos.com,"['4 1 74796980ac80c16c0c46bef1f1436738ea7333d8', '1 1 967ef6e7f9469ab26d2828b3696ec02e0d451a40', '2 1 7490dd583b061d3b5f11bbbcfa22d4c480e268d2', '3 1 6ac26e69ac2ed91b1391a59c4cc5e42ef7536c11']"
162.243.161.171,box.badgesandbeer.com,"['4 2 e7bfec16443b7f8a67900879216eaebd687b69f98cd5e0dfc1b028a9d782fb17', '1 2 54103a80fe8ee556b505d9714ace9fe4c25815a1b541b546835c97d0da2a7c4f', '3 2 2563885afa5324f5d132b65bbfc538dd433e088442fdde05687cb54e72f6a36a']"
2a01:7e00::f03c:91ff:fea7:b76f,box.nbserver.net,"['2 2 40d0ac263a7080063962ffc28217fd6453ccb0bf55400347a60634cd4dad5f37', '3 2 cd6461c1a5fae94b47fa834f5a25bea54002939c6eedda6c1cbada12657c29aa', '4 2 863dadd0cbbeb93c836d29fdb8a31a3fa702e56b0f415bdf4d9c40853766e962', '1 2 b06099366ce8bf2a4b5dc7653fc4b7cd69cf027d7863a8ca42a71748e0fd415f']"
216.66.15.23,barron.mayfirst.org,"['4 2 ae18dd480970e6c36f20cca8ef904ff121cf47b966454089b26a9d942e5b167a', '1 2 0947bc056f825eaef74f8607a35220f7e4aab1f132b51b3f850ba690a369d45d', '3 2 0e73c678af017c2a75539bb84b949795b443e7a6341df860383e88e7b75dff11']"
163.172.91.86,box.thefeatheredeagle.com,"['4 2 333599ecfae2644d42e9f08fa324766404227b903fee4faf50842c3c30847039', '3 2 510e347793191c7a6f2a53e36e64dc66266d5fe70bd1a732ea06c99abde6113f', '1 2 58af706433e6155f2562b2fe2dec00df40953509630d50fa7e4f2954bc40d10b']"
131.188.60.60,cip4d1.cip.cs.fau.de,"['1 1 4f401a12b5c5b5f10ec0f8f7975305c75f6c54b8', '1 2 0feb0055d6d99beb8b84b6693444f58d1a532c4921b5074811ca348d6bd65286']"
62.44.127.61,rec-gw.uni-sofia.bg,"['3 2 757e50ce68ee4b5a455383e8b3fd3151a608dde6ac8c5cc96496b71ffabc6342', '1 2 90850fb8346f1367b9af9fd956240f5e5b2adf084eb31a6db85f77932595a3a7']"
46.235.224.107,sprite.mythic-beasts.com,"['2 1 e0235ebb113c2ed7695d4ad5f7e5031e86fd47ed', '3 1 bfa2c941e688b778b194e26ac4db0d4b7bd5d05b', '1 1 a6fc30bb62f27e6899554cc7beef3ffb7d0606a4', '1 2 03b524d3b0edfb156faca01a86b067e29d57b9966ae36c74caa7f1e2332df4cb', '4 1 8da2ffb0b218eed748e9a9955366803a11db0e87', '3 2 516d4735d3f145cc1dcb78a37d0924682b6f46e69ed7ee8dba7c40aa5989f8dd', '2 2 64da887ecf399228e639393b97ad3cbd8b2a7fcdb8f4b57e071dab8b9eea04ea', '4 2 7c23a1e1cc468e1147a8d5f66c811e571522b828c0ecd47886e45e547f8d887b']"
5.75.140.200,xmpp.aberrata.net,"['3 2 6f2ff768c5c7ebbca1a5d2713dd599f8430789492becb7acd87cc1335f299b34', '4 2 1be2cf46ef6e3867c1aad1c3bc316b923671d90c78aa0536f6c226e5cb466640', '3 1 18762a8f69316508142ba444516973e76ae0a761', '4 1 37c68948eb70440da5d81696b367f0affebddafe', '1 1 947ab3b978319e0dc6e26424e1601fcd0999268a', '1 2 38823a208f05c320ed226eec701b188c5b72f4c02174e27641516f7ecf26e933']"
131.188.30.214,cip1d2.cip.cs.fau.de,"['1 1 9970181d2e08acd51b82d688b6ad6ab6cfc1fea7', '1 2 80870c7a4c21cfa3b204a67cd2f8525ec4a27eadc191061552f14d9da03e9977']"
188.174.253.165,matilda.madduck.net,"['4 2 b4ad3afc64aa37620a6902f55f6b39fbc1c0b271cec6e369fe79fe20711dbd54', '3 1 c737e7882107ed210573ae618a49d743fded1b9e', '3 2 9b60ff1ce64af0b7e636bae9574c4e67506124adf91920045ae0ebe2ee30d71b', '1 1 6adca7911300ab170355251eb59991088062031d', '2 2 76da11dae9074224a99fed798b0e570e0a4c7e25242ff177c40b1ce08cc5697d', '2 1 92e091b50bdeb76ff934eec286ff5b68a30062f1', '1 2 e165831942d0a28392c2e6f2fc65a4c536def56efdf8ff448cfe2fb3e0835b33', '4 1 3c6b04a6fd8f75c26e99cb1142b066fa6b326702']"
168.119.120.223,pad.online.debconf.org,"['4 1 02f4719714db59ad3d050f076e7d32d2f6807792', '1 1 dff66f6aa26830e9ae7a7c90b86d52a30f0e225b', '4 2 1f89412b0f79b77bf355255243afa12e5187e56637d951e30780e971d4ebc23e', '1 2 865be098966630148028a1d331fb7ccb6664b6bd07bfde01031ad7f34a357e75']"
91.194.60.135,oxyvie1.octopuce.fr,"['2 2 629e8b9cc39a4641de66e2886cebcfbde72446a9671085031944e164d450647d', '3 2 12f4c62be851f320b321968cbe3ea89e5d4e5fbd4ec9060ffe2389f6a0e5a73d', '4 1 22582fa8d2aef1c5e0c002b789906d9c0ccdd51d', '4 2 5ecca4d175c1d5cd0ea9a02940c512c24d5d69a1dadffc2dc4701b8ccd399831', '3 1 83e2b3ba14f8c971ce18f4743c1f35bc45032cf3', '1 1 1450de5db319b4c6982c10ace08c476f44dc6ae7', '2 1 e4273c9fc5724cd9eaf5f5dcbcd950c4b763637a', '1 2 57453e5dbff78b9dcb5b5a0378c37f7a558d0d4fb4d526c0d956f7d613f545bc']"
91.134.119.192,immoparentissy.clients.teambox.fr,"['4 1 1b56135e5960304f40a3bd4cd64a1b00820c8849', '4 2 31bf31f94fd41859547d8931f5d14e151dfc4ba126519faa5c0a93e5d2158de9', '1 1 8f65a9ca08948271d86ff7b27d5d0ef5044b0915', '1 2 fa73f76d5008bb086c739dccc1f29222d1b62f4dcdc980217c218a17c0f328ef']"
79.136.98.131,deployment.pingpong.net,"['4 2 d38483cb41c060be0d8ea3b29b1dca5cd27523576b47adeeb75ed036fd6dcf97', '3 2 c532b1bb04716784d2fcbdc956be35d1a491e269f5834fc380df4b0f961ebd11']"
3.105.50.166,box.franklinbridge.club,"['4 2 4781afccd2edef1325dcadb6bc679d318de48059a18386abcaed812c60cbd1ee', '1 2 456a61276b3f78e3e0a497695bce497038eacbe51023b48408d4801f05fd41a9', '3 2 411370f4d3f759bd154f5c4716a78afa2a0a9de86f5148b0cb9f6896b024db1e']"
46.101.1.77,box.netweavings.me,"['4 2 87e8292929192893fd526d9861cfef9f04a956bd5b12deeec0ec4d8e91154d31', '1 2 77ab4c00557032ccbad279de889b9a2eed6ca0ec741a7155c14f0b10ac67e763', '2 2 d49b5d74aea6e3e843c9a9ec9f4d4c2c589c59308040cc4a302491774f184f18', '3 2 29a3626c6862ff6d89de5609598dfc0bbcbd0aa42b46f09612ed4a92a15cc6bf']"
131.188.42.42,fautv.informatik.uni-erlangen.de,"['1 1 9e6d71069a3b2ed0a4099bf4422871436aec0112', '1 2 fd4529a20fe6bf9e51bc6c6fb7438c22aa5d5ccc2fa24528f4602de199e710a1']"
139.162.143.153,box.asafgartner.com,"['3 2 ae6cdc3202279a19179f21f6a43fde0b8ddaa584db6d4beae64d7c48adce8759', '4 2 c7f813b13be650d874ed52c670b8d425847bb9a93ed1947bdba9e4b4a7d10e6b', '1 2 4a4fe8fcd70eaf854c7cee2584b47f9abdeb35dc4f9651a73b079a5e3aab1ab3']"
198.71.6.35,nber12.nber.org,"['1 2 c44b8df11c6cdac17a77ffc348391db56de2b423b1a1b214f792caea5acce053', '1 1 7bbf5f1b1a023e9d0bff67170f16f358e3e45773', '3 1 3e192db8c877ee03eb48f2c6d3a0e317dc6a6be2', '3 2 975d76258096683672c697d0dba2da229863ee29c6b8a0d64d94c21f910d335a', '4 1 911edb1dac717518a692aa73df0f7fc3913a960e', '4 2 b0252fe1016b177c50c31c101144da17d2d3008672eedc8f0cf243c8e5b60f59']"
51.159.70.18,box.topbrandsdaily.com,"['3 2 2ebf654ecdb1c497ef507563c1f267da2b8888eecf50d2717d36ad736f23de8e', '4 2 c47e699d1561b03108bd47ae1007eb1ff155f3037c0be5e3b6ba6532ee14c1f4', '1 2 7516b1e0df1bc0b63b4bb5f47b462cf369dcc5ac0f79a1b8eb315a024b9fb94d']"
51.222.207.7,box.temperworld.com,"['4 2 d07de62c5f3eabbe806efd18cee2e2ced9535944a00371a0893a1653d74acd57', '1 2 431ddf7980ed74619d088a0a30bafe78a2f331399177946c91c82b77ad0d90d3', '3 2 e72a01960b9fa8c2334c7bd587a39acf66422b0fef0c636e2e1dba880156939c']"
175.45.180.138,box.paranel.au,"['1 2 cd37c43b9978ee8669d0d1be1b2a2179ea805742ad20cbfce548a9708cb72313', '3 2 c0ad9d34e0990909c2e11abe8802f431c14b846432e347720a514f31b231bd46', '4 2 155de581039e426eb34ef56ab370e9e96ac73a9f55d0463b1530c0dc3f121d60']"
130.239.242.86,b-cn1026.hpc2n.umu.se,"['4 1 92f5416eb1eb547b9c5afd6dd67161f10fb105d7', '1 1 a4974a596737d89e96099d5ca896ab3fa5c0fb30', '3 1 6d30ed8675ea8d1a2c0674263f8c5a6b4add7ae5']"
128.52.129.29,daphne.csail.mit.edu,"['2 1 2c77dc9f0353c760043d7d8a3460a060a90d5363', '3 1 91a7b0bf104c03f3206ff1e3b6cb5f4aa3070698', '1 2 1d4316efbe22e821b449787492877deaafd267d4491024abedebbc2773c4f2aa', '4 1 470d086216aa8692b326017da67f90ac4a1647aa', '1 1 06e2c3a377dfcab29a06eaf604d44e35330cfdc6', '2 2 9cc444b4a1015b5f6c20f8d71243b2534104c6228d769aa7b5b5d0857bce5d7f', '4 2 30da3ea78deae02c23189ff39f1ddc6444a43aca150bc1b48a0c1d3ac0297db0', '3 2 7ad0039a593f527a479fab714dd7e9ff0e1d81e721b0e7c5c9cbc36818949275']"
131.188.30.40,cipvm0.cip.cs.fau.de,"['1 1 058af93eef67d08a98d1dbbe1a13e126c6059915', '1 2 edd7362cb304dfef03bf226dcd80bc60a727823426e08631d4fdb157a4cba8a7']"
89.234.186.3,web02.grifon.fr,"['2 2 5e9556409c0545904487d344ae8ab3baf0d1dad5bf65f68c795b0ffb64db11d9', '3 1 b77f7bfb165780eedda7a8f93f6577771e31df85', '3 2 fc9be8403129859e66a665d990cb764feee819855b8707d4de1cc5b285709be6', '4 1 732721d746c890de249db480cc2fb6b28c7c3415', '4 2 8d55671200226f192a5b165f48f0d2fa73f19b1668d3b6af6654b73ffa479286', '1 1 c9514dd26b7d637d96c02b22cad88a159502d31c', '1 2 70c139364616e77557740fbf300912d617b74709d214c8353af43f15ad9414df', '2 1 1f648c28e2a44ec099f2b000852cbc664865b114']"
54.39.78.219,smtp02.infotechnodeals.com,"['4 1 f094789abcac956b09268cc31a0a4b5aaccc6c56', '1 1 3c61470e2de12ee9140fa712d351a46cbd8e814f', '2 1 7df904865bc0424e076cf538d4c2a22dda2c9dd3', '3 1 013700abde3cbb1d6945fa457d4930ab7b28867d']"
130.239.45.14,radar.hpc2n.umu.se,"['3 1 77463187947893db1c343f567cc5c088f292417f', '1 1 d6bdda2362facec71dc647f6b7ab345041a30ba1', '4 1 cad036f6f95f53e9bc6909dab7b77ac07760cd36']"
23.168.144.162,hekla.falconk.rocks,"['4 2 9228781a1ab9a55d057e0bf96dcaa23a9ff31969b7fa006cee1a9d1fb20a3363', '4 1 c34c506c51dd8b03083ce8463dddab915973710c', '1 1 0d28c0175d6b2182260fe45d5e74d2e4a562b35f', '1 2 44bf18edb95dca394ac040ad1b9183945b2722332f109ab24bc3ae0ab218011e', '2 1 f8b0a50dda3d24f256f8ce1f4686e640b7300ecb', '3 1 840a2750a2de331758e0fedd8670628398d32af7', '3 2 fe3ee1b641571e8a01a75d9cd8c61e4fbeb466ce9b3b88f836f363e64f7af78d', '2 2 1aa4ef222624b7dec506696d86fc5bc56f2e1019eda3c48493bb177b4027cc52']"
193.107.238.67,box.storozh.su,"['4 2 bbccf865e6468fc34a99c9cdc06e6f8cb68b8f085da50bdf035d0f857b65c9a2', '1 2 a3a02fa762386e0613ce8411304c6a17bc6682b91e54fdca34a502b07c04e04e', '3 2 f5a04481d19f04e485ae226a663a4d94284f2f4d6be6bb9bc1602970b7a0e9bb']"
157.230.5.215,box.payetteforward.org,"['4 2 eaae288b473db85780ab819cf41c952862f7f40f61c7e626599d83cedc8e52b6', '1 2 76866b5154cd6a370a22d42feb1466346a2484ce03ab446ce77ea9c9a673f2a7', '3 2 b3bbd18aae9d2f717bf5b32281560564efa5a48c7774671157efc9639ba8d5a4']"
141.95.30.11,jossetcendan.clients.teambox.fr,"['4 2 bbcf27c9379df894c816ea6afefeaf31fa378e79e9ac7fed4607b37fa283520e', '4 1 0e1d9a361126cadaa1b0b1d6a5e4ff07cf47be60', '1 2 362e00bb2f1c56c460fbac42117980427ad77f3eb2d53d0991bb7d173b38a4f7', '1 1 3ecd4e25eca13787beddff4f448e40cfb3483800']"
91.194.61.41,trovisiocrf1.octopuce.fr,"['1 2 174ab7dea78d4e1bed7f7bda6c9c8893c3c42268fcdd238ec3d56c5a2c0279ff', '3 2 9ccb449673556ef6791b69c9209f6e8d0bc60bd2dbf71c41ecf3985b7889c3d0', '3 1 c6a749d1223af281570f42f0647954410ddd4206', '4 1 1514983e9431118bd0eb00fb116edcd59b0b29fd', '1 1 2f30c7f36d86fe1071843b61e21728bc18b1d393', '4 2 3a41d7c17eee64cc1a8fd8a98b9c11b8e1aa71ef539210afafb3e696d7311c9e']"
131.188.30.213,cip1d3.cip.cs.fau.de,"['1 2 e8a1b07f5e3b05859e581e651e8a9c6f45510cf1f5063d9ec6519b9fe6cf1274', '1 1 d1ac3dd425d58684dfedf91563a6b5c04700e13f']"
131.188.30.83,cip1e3.cip.cs.fau.de,"['1 2 e2f5ea47da005c34e88108b902acc97fbdac4015cbb2bcfb714279846815aa02', '1 1 c0e2cac0c884be8517af45fa16b1929c1c8fdcc3']"
213.207.9.61,jointtransit01.ring.nlnog.net,"['1 2 65840de2c04301262154f05c46740707d62c5298a2c7ef0770df374464d1aa82', '3 2 d75782d9cfb31baa0aeab0abaebc9f76aa53aa9afe08e76cb8d388ee17a72b5e']"
131.188.30.221,cipfsiinf0.cip.cs.fau.de,"['1 1 1c30b8be4de1222b0abdfcf5f5eae7a37ce334f2', '1 2 80043ea60390902b3fd1363b03858c3ff3ba2e6ca67ae7d39d5dcd1fa345f937']"
163.172.27.206,box.smtpsoldiers.com,"['3 2 dd1f6fa52d02e0be4a78c5cfe267f706561760f1026c19e7a3aff655969ee49a', '4 2 4bc82784bec42bb0173e826b493901661d26279f10dc4e585815191403774ef3', '1 2 5efd61c7da3cb41848d180d514e78cc6c01d7bbf7fe3a8fe5defb3c1a46ccc6c']"
213.192.42.16,david.itin.cz,"['3 1 7cc97ccc1c6aa3a989bc01c8b1842ca82598b420', '3 2 ab0027e2f872d022eca2c226c1d022d736cd8b086fbec916ddc480520937d0d6', '4 1 7d8c7293b536f8810afcde610b49309d66ca20ec', '4 2 3a09959deed2186489ea8ec692c09726409cc394e26e30821f8bfa851e1cf5a2', '1 1 4a118d8fc0e2f7b35c351b9f01a52e8dfb620f78', '1 2 0c89201987e050a8b636decf383babae671a8c5d4643dad672f6624b5e5de1e9', '2 1 8d17e6aeccf38cc1c59583e49994f352028512bf', '2 2 bdfd6ce77d18cc803c4a9a50d6eae6bc032ef62527cd1f2d4b17bbcdc37c5643']"
51.68.173.133,box.pdb.im,"['4 2 833b3d5621e3f3a4b7160607652b97162052caa7beafd49bc8455cfc98a34536', '3 2 45d5b660fc9a255c74ce0fdf6d903edbdfcbee9bd4f8df2de608665db6565956', '1 2 c1194c872924f4641a6a7e4b8aac6ef6fa98d3f52dd240ac596a02722957d9a2']"
5.161.150.122,www.pfak.org,"['3 2 e96935b6d2cf26e777181c23cf61e2746c57b841752b566e2c52f786c652656a', '4 1 0f6af1e141a2db233c7937e453fc7d90e70cbd3d', '1 2 f3337a93e8e7bf4a59e532b3a3d07c055855d1e8520900030ca2e62289317ec8', '1 1 86b127818fac67c6e4971c77c5ec3fb7f4f66290', '3 1 b30503d8447148a5c484a30581d0dce3e10666e1', '4 2 35aeb995fa105782833cb96c0054407c0da0eda2093e9888c3656568aea407d5']"
130.239.45.11,valle.hpc2n.umu.se,"['1 1 56133fb05a0150789e62c502860cc8f55605f52b', '3 1 f4faba756580c4846cd01431138d952901eb3912', '4 1 e18ea3b8676616e12853f09e1393e351353d99a3']"
169.237.30.128,t28.math.ucdavis.edu,"['1 2 11d1568bee6a5b6c86c860be0632d486543d121341c59d40b0644eafc2d6ff2f', '4 1 4c6d851813df39d01e54c20497af9da4368e234c', '1 1 844528f96dfb13d6ea79b58e004e1964254c0ed8', '4 2 83521dfe653413e68c5fdb7dbd89fbe65bc6f974c3c683e58d67b8788a63fc4a', '3 2 edfc658f7bfb35dfd305ba97e4862d2c546674db52057a20d05f6f06b4d621e9', '3 1 24b150991d67e3d88abf3799416f26e5e9e03712']"
130.239.242.39,b-cn0929.hpc2n.umu.se,"['1 1 e3c65d69a847cb18c291978bf53bfaca14d59093', '4 1 7d7b7c01471a6f57f50105ad2c45746e2d461ecf', '3 1 fe6248e885d0928b626b8bc556bfb47667caf16b']"
169.237.31.173,d173.math.ucdavis.edu,"['1 1 0a2f3e5107ad93fe72f050bf28aa93020db40607', '2 2 0d110af40a0f9d67681308246bd886d3c4c3d8ceb055c9cc22edbccf8b46afbe', '2 1 73fc4aa2a754d6f2dd5a85c872bcc898f3fe57b9', '1 2 6856719892d031aa3852596b33625bf1e1cfcc6c4552de7dbb12f5ddd45c44c8']"
193.0.0.180,ripe01.ring.nlnog.net,"['3 2 58a26cba32e93d89a0b95ae9c9fed517ba1228ba47ed03389ad8a6df169baf78', '1 2 33f1d3ba8249e217767db73949be7696eeac5124a1b780dcfefc204a745ed53c']"
45.33.108.208,box.stetsiak.com,"['4 2 9714fe7adc175243a3765bb8a947be16cd17c4c7e6959a3b62af3ecce16ca27d', '1 2 abe3faf26ce68d546516cad4b83ffc6f5fc088c21c4b54eaca0e1449c5dcc0bc', '3 2 d9f6ce1d7ef6b8671025d76ab28ba8e2cdde564cda575d1d66108c3d490f0e28']"
131.188.60.138,cip6c6.cip.cs.fau.de,"['1 1 14483794cc3894c8d1fe1a14defb42c68a7435f8', '1 2 7a7ad13397a4e52518c711cde253f2d94a16e5754773b5e8df3cabf302c00b34']"
91.239.203.224,replikant3426.thinline.cz,"['4 2 422782381c0bafc2566caed92f42ed611ac200ac5d462d019a26fe40f1af660c', '3 1 255071fae56a1db9a7c953aa6366c09b93b5ac99', '1 1 2cece6e38a8d9c18bda8e7d01444c9828ef1ce02', '1 2 485ea6da7925a080d497c3f76d0496a17537fce7622f4402309d9406bb9d9510', '4 1 40d02e2fbfb9064361127146cc77888e6bc53dcd', '3 2 e41a1fd8907053e428ad10dd39bdb579845030f0492653b8e963dff459f03cf0']"
151.236.20.114,narya.mithlond.org,"['2 1 c309915261afd3a6461575e6e7536ae55e5b91e0', '2 2 9242b07605b2edb18e1040e2166d536d57f5a79dc21856b501e8cff22060c3ac', '3 1 403972d2beb9ccbd28036d5fd6661116acadb26c', '3 2 0c4a72c1244aa7a56c1d8edf0301573e0bb55be777749c3eaa29e268fb5055da', '4 1 5527e1980305fd918ae67a21b005525791d34a7b', '4 2 928e9986e5cade30633a0dbf6919cf8e90649378a1a509cf43ee21de0df28a07', '1 1 539ecb98bc8073658bb04f5999ed5b4adca9c320', '1 2 bd6bf942590bbedcbf523de543395df8d926a7087fb4853c144b5b049c8fa9d7']"
194.36.166.2,ouvadm.octopuce.fr,"['2 2 37892b3dbc316a00fcf001271f1865d9b7bf2a69596b765a8f353b1133aaa510', '1 2 3583d799bc7df8e30ddbd9a3be4c105ad27863c58afdbc0a3638d041143757ad', '4 2 c45a950c17c1706704a22b81fea7f9727514722c14f4a8682c25f741c2bc0bb7', '4 1 39ba28842cb4a3e6258c3e9db39b7ef376ca81b4', '3 2 370d0b95157a9dd219128366aafc345918d0fb0df42a8ed7502ff070f39a952c', '1 1 b4ce3e55770088aed4773ba4515f691d7a642f00', '2 1 dd8d6948548d7e64d92c66ede934fc576304dce9', '3 1 1776b6fddd6a72d4230e460e73a7f33db4b23e8b']"
185.34.32.210,ocarppweb.octopuce.fr,"['4 2 58fbb1f183fce88e2df6771d170bdaf926cba76a362ac1458f6472d3d8a31b02', '3 1 320b0be234c49057a514df98d61111a901a35b8e', '3 2 985f3ad4d96a4378694825fc6678d51ec619ad44c32ee1eff406008cb4be24e1', '1 1 d8849424691b905c49c2887238c99808f3b80c9c', '2 2 8af742d3d652921ce270908b17cea4ff2c79a48becd65729b877bb7b73fd4e8b', '2 1 350e605f8312d01a7026a22a52cdd8a2e0822378', '1 2 0b722824d2ce46b8eae46fe78addf7843a207717e2ff63798027451e4ffe1d1d', '4 1 e0fec4957635f0de29c1611b12422ddd41b0647d']"
212.83.184.173,sfdb1.octopuce.fr,"['2 1 240d04e4c13b89109ac930895435b600dbf0f905', '2 2 03e37fe24e025be6ea2f6ac8c990364b76e93cfa4628f10b4aa3bc7a5e30c498', '1 2 0ea3a513d19cf93473fd74a8f35abef649f4174319fe828aa1fd0649f918f66a', '3 2 e262437a39afa999581a729044e5d2a28e66b6efbbf915a22ceff167e39fdc86', '4 1 81abbea0a5875e9285e3d455454b28bf6d47b6e3', '4 2 db7c3a307102bb6a49cd9c8ddf9916a53496f9478eee9fbfd52f5c2a5e4503bc', '3 1 ba35269d60c9b62701c3fea06854528f7151f31b', '1 1 8797f5714c42f4bac022773527646061ea0050fb']"
144.76.249.218,dns02.rackmonkey.de,"['4 2 9a4b427d06936660f93c0e3550744c9a46293965ebef765a28c744b5b13eaaa3', '3 2 ec4321fe49f4536b3a0fc999f480093f048fe2b3344efa7bcc1a0bd5b12af64d', '1 2 914072894d9025ecc69df484064581a6e65bbf4fd516eeee81950210ced92532', '2 2 96e598f241934b77b3f5d049048330921797816f4ce182834a6088575c46ecb8']"
45.77.73.134,box.bruncaidentidad.com,"['1 2 4d7611351981c99a6ad2a5791aa37b255f315a1821fc986ded49e19d9d96f734', '3 2 594d1785c013edc412e27a981e291f8fb999e3d08f3f79de3d7115d6ea40929f', '4 2 d87cb43b19e4633d8c82523cf0de59efb301c4ac9604407f6bb37e9b4859e667']"
78.128.216.22,puppeteer.cesnet.cz,"['4 2 cb03ad9f7cff266704fa735511a664a9dc50762ccfcd191b661fe307c719c852', '1 2 0b7c86e734b83ddb5d6e2719726525f6c79344cd5cbbd8161f5935f2103409b4', '3 2 b9eb40a66a878fff5c90279a4f97f84ab7cbb56055aedda8cedc15f6a28528ec']"
91.239.202.195,replikant700.thinline.cz,"['3 1 e5078adca42fbc36204f6f670715cc4401764337', '3 2 8be6682b846338b448834b8a59ecc816a5f2b40971376dca9c6cc9bb76a046fd', '4 1 f237f3bacf88992ce3cc12ba865cfc2f1f676932', '4 2 50f3fa5f84cd939c29ee1f7b3aa9db3cf92ea3b0e2c248183b08e60fe96e4271', '1 1 50cc112a4894a8da641a16fad2f54569164e60dd', '1 2 d2a9c0548881279a1c853544ed73a85cc6123fb5b7a65c25a4c94d565665d474']"
54.39.13.22,smtp03.listsourceinfo.com,"['1 1 d3bb9ac412868736c33bafadb77db2bf53b4839e', '3 1 15001453bf1a3ffaedee7f3a30030fb1cef66244', '2 1 be003d74f1253a61fb6a17452c7391d9beb9d942', '4 1 7d25bc40a1ad90e1ef276ce9edd5d6ecff45fa1e']"
140.82.45.82,nj1-01.cloud.ronpinz.com,"['3 2 fc02a9a1e7b48f63b7cffd23ed45ee9a364242f4461a3718bd68751d5d292240', '4 1 dbeefb4074dd0bdedda31da00ff8eb6251fc283d', '4 2 2fb8264b216e507f27fa56b02f8829f981e72650cebbe88a0d8ae02436ed1702', '1 1 4aeae573fbc9b9cbf806fab62fe48e6494b02bdc', '1 2 e93ba37dd961108c8d17e6b586d5a8efbd4e1995d4f6e17b1d31756f10282802', '2 1 7817f2436df97e12a8c6ee2e4597dc3930d1b327', '2 2 64114932ddc1fca10e69101fe7cee13469a2fc87a73140754415b2a18b0fc821', '3 1 d1b2954d06c88be88d3e0bb0092fa134a7882a49']"
192.71.13.159,observatory.irf.se,"['3 1 782d457dc6c00ed4e73f4e496ce32ff5f9f9b961', '3 2 bcd134653deafd9d24f9dcdddc381af3db52515e908f4c497e65777bca0ed8c3', '1 1 cf7931a354c79290fae31f52d486983ffe68b7a0', '1 2 47e8198f5c3ce7cbd39e71fc76d246483da95a4e55a5d026f5ae979cfab573b0', '2 1 58f93eaa85127382644535d1660a9b5d9cd9d6d0', '2 2 6ba98efec1dbc1349d215cfcdb125d5d4b3c249547f9fcfcdfa9b886bcc898ef']"
45.13.104.201,jonatanb.cust.milkywan.xyz,"['1 2 4a12109f1ab9b01cc6e41467efdc3fe33fb690af2c380cd11967c37753b55c89', '3 1 3ed9830dea62be9b3a42df5c04e4d3df192bc945', '3 2 50e02caf8539bd9e5e5f7e84fd1c3099a9b949879a9b0dd50f3ca1df5e821226', '4 1 133a19f7fe89a1d4d4028c9f9cfff55ef59d6cfb', '4 2 7a9af266674a65e711e035047c735e12a4092c8a424301ac359ee83eec7390ed', '1 1 bdb9557cb6ef7e4abb895a976d30bfbc2c437c31']"
45.33.64.108,unifi.sandbox-ed.com,"['1 1 e65395c691ebddd9418c4decb6f82caef9df7379', '1 2 16da556a3fd5d05af38adb09eaec45e13505bca5bcce7e46c2de377fd419edbf', '2 2 55c28828b4559d5014dc81930941b91211ed4cc39196de3514946943c6c3d338', '3 2 4de5186c68a57b2578d03012a106930e8cc1b22771393b118668ab36b5be4f67', '4 1 38a7d465fcda0e3ee04d728dacad905fc91503b1', '2 1 5f64cc10a19966f42373feddab42e2e9aea7959a', '3 1 0b0963291454363bd898c68055f0c28923fb2322', '4 2 2cad02bf8b9ac71706a19c93f42f7df7bbb72f8320a3b3dcecf9c724532fa364']"
108.61.203.111,horizon.taclan.de,"['2 1 ea0b60604906ca68d32d574fda493efbf354f675', '1 1 6edbd571ef4c0d72356a71dedb7e9b423b3c88e1']"
131.159.46.181,vmpretschner25.in.tum.de,"['4 1 f7db1afcaf63c58c513b0edfa9ff4ba21421a076', '4 2 5c552f7aa1f5d086fb4e8566e1573bfc52f6a1134f3611eaaf71e9bd2788660e', '1 1 e0ba9b68add2d939457aecd4e8bd19c86d3e830d', '1 2 11d68b2454e3c143fc171c7fd179258e1db24412e65ee53e59515cba4327bf0e', '3 1 fb6a9e769dbae143bba1eb63db42a7155cc03e59', '3 2 0a660e4c54fe37a2f6225fcdf180a08e01722f620eb126849752f0edd65fe660']"
131.188.30.122,cipbuero5.cip.cs.fau.de,"['1 1 70d8cd7f2252ea7a310f90405be7f0b83b17c931', '1 2 c01048f0a65c0d3f2481430e0618edd8d9596ad2c786ec6e0cfc90337eed90fb']"
139.162.141.74,box.10an.eu,"['4 2 304bbe0f4911ee1fc59a8863eafbc40790d719cc2f7a66948bd432878b486e50', '1 2 5204927fa910989c00831170814875e695bef61f799898ac9aa859de8deecdee', '3 2 ada98c42fe8ae5ee0315ea8879dce36f0c9ed396535ecf0a35f3b396adf51795']"
2001:638:a000:4130:131:188:30:44,faui0www.informatik.uni-erlangen.de,"['1 1 c6fe960a18f93dab3080c7e44242bfce1ac6e84d', '1 2 eaa35091476a5560a95f34bd39cfacdd996cd6b217ee2a79618d87a13b6ce79d']"
5.75.249.65,box.helmis.me,"['4 2 037562802f12dc4a74b723a5f88490b458f6fdb0cc3907c3a9c5d29f77a8d204', '1 2 3afe6bd8f3c49ae32c2ea3eb5d72da0274920494346419cd9bbf8be24f69b41f', '3 2 bb9ee8e73baaadf2921b790210f0a9822db54ac20e0bb6770a44dc83e88330c7']"
94.142.246.12,mail01.soleus.nu,"['1 1 100c2b7e3cacfb4f80602bccf6c6e5cf9d690dd6', '1 2 24897b096bcebcbb7e21b03eea237a71e94278e285b745a79a2d8ab2fedbfbf2', '4 1 bf15fb713add898260d6ca972d556f7855821540', '4 2 36bc6eb4ab87a6accaa7b70a1ce81a501e755787106e5bf5afa5b502573aa0e6']"
5.9.90.147,higgs.zertrin.org,"['4 2 bdbbec986695c68a2033d753e392613168b03b3b8aa1a79b7fbcd58dbf19e50b', '1 2 1fc43765703c3dc03ad155778da1f0cdbccd0e84977dd31b23fe41df0083baf8', '4 1 ed5bde16d5922e6b9a184f159a4fb2bb02c03b7c', '1 1 7d9eb392dbb53ed8d4ece9d6dd5b637c27f25b94']"
45.79.91.78,pine.us.tucny.com,"['1 1 ae4ef9542cfb8149cd3e313d461d021e01175b73', '4 1 3296b6e325a075779ee70617dc5b503e44d76ade', '4 2 dc7402165085c8431d773f2b1f4f537432f518cfc50c966a079d4b85b3dd10bf', '1 2 21e6261e936d223752078d6cfadc69366416eb05ca9ce46f4fc247e2d029d90c', '3 2 c5b5981d256b852190c38150ecf7d911e0557bb112adda13318811b2868ca861', '3 1 35579957ab30b3ffcb54d758f40c068bacc0861c']"
80.255.7.149,veladyris.iosenag.net,"['3 2 9934bf0ab6fa42ce837aed8b4e31921aa26c259f564b5a5805321283c3cd8d6d', '2 2 583c86e5e497877d554a25d3d23bf15e5ec502bde6e3353461e2a308b92b3fbd', '1 2 d1901d6c26b4cfc885ae7ba4f47c55f127836d18d6629911b131780c4eb8a31b', '4 2 5c067b6c990ebf5020e5504c03db4d448aa88628eec82c02f5ad599848642fa5']"
95.154.23.130,bob.hemligt.net,"['2 2 9947b2e334f2b74ac19f0a03650fed06b5e7a30a46c56fbab37dad13fed65ee5', '3 1 1085a0c8fdd7da6f72102c09324a711ebff28284', '3 2 4d5d1e2df23e20247f849b2634fe4709442aca0da98d2d4055152c8bf2002538', '4 1 e5cd1ec5edb1354fe115c9d08b3d0ada5828c96f', '4 2 553390e14fc1d91faeff4029b057bdc3eb4bdf0985acf6993984209295c315bc', '1 1 440e33fbd4f350a4b636876de0a1b49fec96bd2d', '1 2 67eea7edfe6f04da996fcb185dda43e1618ae452818d971ce595b8a5ea038ea3', '2 1 bcb4aebe095f73cbbc0b7896689449d702e606fd']"
116.202.220.221,node001.michaeldekker.dev,"['1 2 cddae750ab7aedcbb78b37d8463c9e8f64ac4f0a51e9ee63a5830c2330906fa2', '2 1 6d7d5acd27fda0afb1123eeee5e65fe32a4ae6bb', '2 2 83c0f0d9176ae37d8c079efaa7003c6b59bd63b44186dfd22c2fa0e8b87e6e4f', '3 1 298939e3af034c0cde255e9b1fd55f2b878e9082', '3 2 b7d4d71cc251d730fc41d77d8a6fb14d549af546c002c9fb12fcfa8655bab107', '4 1 74780a90cf61d547fb55cae87680f34ecd734acc', '4 2 b412b6e91846e8add843678899f3e4ac47bb4ee8b7366ca9b0dbea99ae61e4ce', '1 1 645cbeac2e03950738ad455e05b5f972bc745b86']"
141.95.0.242,7.releases.grapheneos.org,['4 2 8fac012d091c6f1a5be108ed09f8ee6e9c8c442f4da1b193bd36dd740a070caa']
66.70.238.17,smtp04.b2bleadsinfo.com,"['3 1 1870036fc5497b2c83f570ef7f4f31605e0e3910', '1 1 cd9a0dd1af63edc708b2fdab377bae869c88b0cc', '2 1 08fec5d917be361f201bef645879741696eb14d0', '4 1 6a3a5eb90c1d476c9923dbb847a07b7959d7c9ca']"
2001:41b8:202:deb::311:93,seger.debian.org,"['1 2 5050ebe0170bd27f01f1708fc302394c929fde4e8e48dc79ca8fb2fe16f750f7', '4 1 a28f7dbeec47d9e02796184570bb87a28d4d8c94', '4 2 41c1d62b04971259df013714dec9905998391b29941ece03a831d1891547270f', '1 1 f2019dbe50670876528350c039e798b8986e61af']"
91.239.203.228,replikant2788.thinline.cz,"['1 1 295b700f25b012dfed3ba429cadcc06d3aed9582', '1 2 d428d59289e230c267dab2cd6174130f2bf3e8fc8759fbf0811f3ae5f6713c0e', '3 1 838f35cb8dbf8301f0ed90148e01529f9c877cba', '3 2 25a5c742990bacc8a0222f4af71a2e6eac97bebfd20089360d54764e0ea48ceb', '4 1 57728a61e26e3414ea1a88612180444ec353f3c1', '4 2 30280e2e37d678f5956cc5fb2b1ba62fbc61944560fa3256abe8e2b12461641f']"
2001:4802:7802:102:be76:4eff:fe20:6e0c,azathoth.yuggoth.org,"['1 2 7f62f8933576575514a85e69100d33dc1054f248888e39934064c7102e0c44ac', '2 2 3daa9cef1db6e213c40fef371555984b84778cd510cc9af7a7fe3e85a7e08f16', '2 1 5c7e05f28e5a48d1b64e0caf5199b71d6b7ff24b', '3 2 ae35db0a99547d4a3bdc1e2a73537bc6d6304903f62b187457822c61ea2f1f3f', '1 1 2c5b11362b2bcfa40730a209fe32d999910355d0', '4 1 3537e981e0116415ca4fa4f847a7b473ced43812', '3 1 7499e8136c890e70d37903ddabd00e684ee5b97a', '4 2 4404d9d883bc0fc89dabb13ded7e991c1fe33217b579fe47dd48d74c8540d2ae']"
167.114.206.229,relay-01.primesolutionsinfo.com,"['4 1 0a84aab7eb8cd857cc4710cf8dfbb76a1863017c', '1 1 c616465d8102a8856c258c893df61cc1ad042c44', '3 1 f0b661feae2a25ee1bd7820d99419fcf092626b6', '2 1 730cd65594361dd6c26460c528367056b48d57cc']"
173.255.255.158,ade.limon.baker.org,"['3 2 d3f17160090972b5c9cfd50a8856335a521122856183bd8927b39e18a95ae4a2', '3 1 d82ac4bdaa0b7b2ce831ef19f7197d813c657fda', '1 2 0c3f3166908ee2b4ea5f62e0af5d53601556435c919c5742aa979bf6f9e4bd34', '4 1 9177d98fbddf82dacd03c84ca7f121b682c49e5e', '1 1 e673844244a97b282fcac1d1ab7d66bb0be4fff9', '4 2 d69d07d46dfc4a6c3b5da554666a9738624959f96e9d96f4e1376c414033b104']"
167.99.108.175,mail.hrbaermedia.com,"['4 2 6678f178b45d2fedb6d7808775d2012b36f35f2994f811c8cb04e4a6a57b8b19', '1 2 5019ffdb3488ca8341ea511d695cd64d8f140c38f97c451cf3a6670d11dbda6b', '2 2 e3385cbbdfdc33a4f57cd17a99a027fabd799cf42174cfaba3218e1262e2aa6e', '3 2 aff2b122548de558fd46a11fd6ad65b1441089ebf9abbba220b5481762661617']"
91.239.203.42,replikant3031.thinline.cz,"['4 2 988be8099b51ee988ccbf78bcf302a20d31e9c10ccf310185536e4eb3df46cc1', '1 1 855332d69f1000063d69ba10c8bd814286b3c51a', '1 2 b28faf86ac7fd2e5aa0e15cc1ea9ed2e5208bd30ac68f5a8906d591382f1b235', '3 1 8cd718779dff51a4d8cf88d9ee4d7ce7c557adf9', '3 2 18d2106db198cbbc52ec63b89f338a3a09e7a5e27e36b0bf959ddd591984d488', '4 1 0900928769778603df05031fe30388a9728f6ad5']"
131.188.30.56,cip2g5.cip.cs.fau.de,"['1 1 1f23f2b21aaef26b30655a2f63f585baacc2699d', '1 2 a25d17d1fd17b4a939118d7ed00d3954c8aaa8afd2e2650f909bf614c2358cba']"
131.188.30.222,cipfsice0.cip.cs.fau.de,"['1 2 8f01c596ed20b13b59b543449ced99bd14dddf04cc4068d5c1d61c79aa35f622', '1 1 49d03ce5f4444d3c9216f724737957710d23a0b7']"
131.112.84.71,home.allbsd.org,"['1 1 5bc6bef401c81961f6b3af61ae61b7aa3de6a08a', '2 2 789e3cadda0221fefb7c93765de8847c9604181a9f5789c091d373fac3cb73d6', '2 1 74605fa2e7e310844f2ab5acbdd376774380bbae', '3 1 46496d4a67c744e4017f7fceda3af9da905ed63f', '3 2 2dec0552c59359aec773011040bea4a5a122cf1471bab07de0907809c6c818db', '1 2 b4b1941f827bf902674dd88a60303cd5e4f33d47a48c829f692d4aa0b63df494', '4 2 fc24c6cfd7fffffe4741ecf4a5d9d4cc2bab92521a7e1fd750fd50c875961c45', '4 1 e65eced41fb34c4a29e542f9a1c0267434ad0f3f']"
74.48.75.19,box.emailclue.com,"['3 2 9629618a3ab3bafac905719d30a1499ae78fdd2acfd6bf4e61aec04a647b855e', '4 2 2637bdd9a999b0dcbb8b550a323946f582d1798d524e60c307ce90065306290b', '1 2 84bf63b3c859ea1656f3562519d4ffbb8452c68a486f0c22864872907ab29e9b']"
167.99.161.17,box.relevantnews.us,"['1 2 c15946821be6cdfd5fc7935f31ba5b45cd63d27194379a982afac67dc4ea96f5', '3 2 ddba25f9c91e4fa9161444391dfc82b9cb620c3fbef223cfdbab5e3d505d36f0', '4 2 f4f947854b700ce76562bf705beec99ff7904d8efdd5daa4737465223648d6a7']"
37.187.22.128,gammu.burzmali.com,"['4 2 4f4e69ee8d221eb148eb9b2b0dbc7d1f922891b86b58aeb5dd47c4ae807463dc', '1 2 715513360c2c234f8271ab6d51d427719c6f3cee4f9b90a29973b3a1834ad449']"
64.90.177.178,gaudete.intracommunities.org,"['1 1 786e156953ecab3f7441532165019dbbe5c82f47', '3 1 363e10073ee202995949bf40cf226f6def9b91a6', '2 1 fd1d819fdc3e4d62084509449a300e7e70107271', '4 1 f34749249d78e416620359912d6b35d9a15f85f9']"
146.59.141.65,abgestionsante.clients.teambox.fr,"['2 1 e6541219288d0f091a67be36e6949c9b7f42dcb2', '2 2 d8c6c4048561f939f75212035ce242d0f673aa28b3c33b8d86e30a8688bf8d7c', '4 2 92d4fe85a2f32f56a3872ae7d0105954208f6d1a77acbac7070e15deaffdc01c', '1 1 633998b92446160eb57d573786693cf890b2901b', '3 1 86fbbd902ddd7b5cdc3bbe83f3d095bc4b630296', '4 1 1fe116f57794a12d047a55c4c7167cc3ae6a80fc', '3 2 bb1885c5069f7b5dcc0f5c986a0f023175f6de65802bfad8fb3687495a104278', '1 2 9bf34b0a49a39f6220274d377bc42bd57c480a04294d8d6bd0ea102c0536e415']"
128.232.64.160,vaucher.cl.cam.ac.uk,"['2 2 e0da58aa3c024148567a0ea678ffe012ee8503e2d82bb7eaa42ce31f381a36b1', '1 2 b45219f2e448d6b0fc0fe03aade3102418ec807a013a1b0399fd3d4d2b5d6b5c', '3 1 5b72e7b817e0245d80ef81c5cc93e8175d52c689', '3 2 d0e2d3b44b3b1c7e3185728715d57b67d0fa4df305115e21726a7d2ab61ce4ff', '1 1 709278bfad2108b57d2a79c913f68181d7a45e28', '2 1 1de9878769a6fdf6903b48cdfc728a0559a08f98', '4 2 98ad1ea456c910ce05d5a64abc306a1666e33633b16a727fc571042bf013c2bd', '4 1 1565b30240a887c569644d5bb2b7f475a7f32b66']"
128.232.65.220,speedy.cl.cam.ac.uk,"['4 2 8f4276b761b964087a6414d70cba0b1a18bacc873fef774b99d993df4e7c79b6', '1 1 67463ce543aa62e9145fdd1aa882a5c4636382a4', '3 2 086d1e3177f372d977067e8ea43c4ace254964e2615b8f9fa3c9ac6fbf7e6b80', '1 2 9e5692c2927574f773562881da9584a7b915af835ddde1c67a92da763f1015ca', '3 1 b4924dd112dfd5d5f4b356dd291558cce3cf1c8a', '4 1 1bda71de2a9a4ba537c4ba09b4da6dcdc70ef9e7']"
131.188.60.53,cip4b2.cip.cs.fau.de,"['1 1 ef6ae4f5a9c00261cfc8bce9667f01ea89c58e76', '1 2 7f831a25c33997baf5e857454e83101119ed3fae654cdaf85152a122a99f36e7']"
217.144.135.51,minetest.loh.customers.flossen.it,"['4 2 d4e69c85739336aa6b1d2dc93938ca6ee618df4833889a21a2451d4f002adf24', '3 1 df4d0a58eeb5dbe8579706af005e581ea731c1e2', '4 1 789a1797d97288d2794cb4fd892a8c0e399eb285', '1 1 dcddadc0e6d697a88d5418233dd06856cce968b8', '1 2 41db443a82f8bd485c14bf631d80fd7ab818168e14d83a703cfd1f4fa7154b6f', '3 2 db43509dd2dcb04e300f90fd93f6662f994e628c95e717ef028e6693f9ac795b']"
45.79.92.192,angel.sourcedev.net,"['1 2 1d40762522865cc7682903f4fd839c7369219e91e6bada311a659664f97fead8', '3 2 9bb6b7b603e69c585a5ca192833d845f1f90ab83319c291659f7c95dc25812ba', '4 2 279f7b5f02e278f7485982922bdcc67d74c3bda769957c4777a0e076ee444f40']"
172.104.217.94,box.halemmerich.com,"['1 2 faf76f0f1cd4c3cb84918e89f59b8e7cf3cd19bc9f93cc2fb52a42f9cc862355', '3 2 16ab66bb6f5e17a79081539de110c0ea99d2dec6f5c69be98212dad05758cdbd', '4 2 1c7a389f7f796d9bd46a5c5d5dd606cba48f7084c14d031b3b2323fd39d72e1f']"
167.71.36.203,mail.warpelintelecom.com,"['3 2 50c806bbd3559eb246782ab186daec527868cf5f98e986ef7e234048fdadf566', '4 2 60fa9f9e631036a21802a759d3813db5a25659875a8f8aa808df3443c60c6204', '1 2 29386de3447b1aa439e5344fdf5a4ce7911a9eaecf267e4805bae84a2bc6fc40']"
131.111.12.6,netsys-mgt1.srv.uis.cam.ac.uk,"['4 1 cef892a0426f4db948bbf7b43e77cacb24c9f6fa', '3 2 5a98ce4e0bfc70bf3d31c06a156b4d3dc6342ed59d8aedfc043e9e8cc7ddd540', '1 2 766095161e94f66ff2db587ed1dc86a4fe4b5aa3d283f1c8078b67b6a514a3d1', '4 2 72106e94688f8332dac9e16fab5c48eed8c39cc011bc8a345f4af5ef94e0ecf9', '1 1 0ab55b6cd5561fc2848277cfa983dff75fce4e9f', '3 1 a307bd620db517550bc3e76fd4339eafc601e28c']"
62.44.97.101,storage2.unite.uni-sofia.bg,"['3 2 b9e2f3510d8473c24244250a00ed21d743a8b795cff3164cc6d25ba315f5455a', '4 2 4e2a2525dafae9128024bdcd60804f22ea6bd5298067048dc37ab54f0e508d4e', '1 2 4754eaf5e72fcf6a557a7c2162ed9e7a412ca351820927b746319af77175545f']"
206.189.4.84,box.famouscookies.gr,"['4 2 6dc4fa1b82be20f958c378947588595228e61203f87e24c0016587b759962b47', '1 2 f4769e0af794f376fbc0609586c2969666457b257b5fb6f0acc689410ccb6469', '3 2 1583b9f8b7ef0396d23d89798796c65cad397d994294b60487b22be688323ec8']"
165.22.7.222,xio.nxde.net,"['3 2 9bd1a4c8808d23d698ac0f17dac67f9b2312cc40efd2b53d21547d49bfc7afb4', '4 2 b699851979aab340cdb2327c6babe60a9cdb16b94d4e3e1c4a693c04ce72b0d9', '1 2 e24c1dc7e1c11a28225262d2e18fa39497a1fb40a79a9302f23282646397933d']"
194.145.183.105,box.elmolis.sk,"['3 2 931a67ac898855d4d648dc13f19cf20644c332ccd63ee3234ea6c573448faad2', '4 2 2af51037a5991999d345db17956a155496194b4fd7402c651c2ec31918732edb', '1 2 af20c3be6b7d5b197666ab40b63af3965ddfeeee5912b991376c5b3da4f0ef7b']"
77.55.214.212,box.biotechnologia.com.pl,"['3 2 979a1ce3d49be13c4b18186f64ab44e845fc184886ed125ef5cba2f343e50003', '1 2 33259947dee1c4b94e3c216b09ffc789c4b331f74f4a73c946cadaae847f559c', '4 2 d2d68ba633e452598e752868a35a59aa138d4f08aae7d2a59d7c8d5f61bc4031']"
159.223.188.157,box.nesateam.com,"['3 2 4e759853a284e1e4b40f6349dcf023a23fa05a6e1ce3441040dbde6848f62dfd', '4 2 77d3eadabb51bde93391f777dd57ad32deab4b2321ed3d5b45bdedf7d1f52c9a', '1 2 d0d33362a82bc193719e539fcda99b48401eb93e25a42747018d20e7856bbf5f']"
2001:1620:2047::201,knotslave1.ccczh.systems,"['4 2 646f0493eeadf8fad077733aed635cff46d3fd9ece72923476eb94fff0d72ac7', '4 1 bc99c169c01769299704636279e5bcbc14d12c6d']"
130.239.18.141,berenice.acc.umu.se,"['1 2 fe9c07402595bc6c4cf0ad6d0f269f892d4ada603d2638f0bd5a1a9848bf837b', '4 1 0ccb1406a3a820864d2e52a2765853d059bb919d', '3 2 2e733443e164f3643d26732b3fa7212fbf440c5d7818084d729e71c32705f40c', '3 1 38bd557c8a4a292de988886b3918731ebab99766', '4 2 fb1d40c09f4311b84ad5bf6b490d6f94ed468c2c6842f0b83f48fd062083222a', '1 1 033c94ca2a2d13dadd92c1cea8674fe66ced8827']"
51.75.78.238,mail.veto.party,"['3 2 ff3ca0d4e0ed146c28974cb885d9b17c749135de4fdde0d2add469aaa9044e53', '4 2 f284948de937f82d038e2f0aae4d4f5b08eda49e3ed22d705288140d682ac6a1', '1 2 30329e648967d463cf974635da9c9e89bc0dc850242e7cdbd4452c833417e9a8']"
91.198.120.1,ytti.fi,"['2 1 31a4f8918ce6238b2f8b5ce05c1aa2f10f03d449', '1 1 d8019783963b42ca00c42cee02eed861e00da0c6']"
206.81.6.157,box.electorician.com,"['3 2 ab4d43e4d995c2b1c4bfb091dfab8f8f6af6c96b260ee0bf6aa94482c9c97bc1', '4 2 1d0ecb3419dbc83f86cd5111dec1a2f61e4c1395e27bdbcf35a29e45f25436cf', '1 2 7937e3585a935720aea8acf95c89ea98f23cf35361fd6847ee71445374304d4e']"
91.239.201.225,replikant343.thinline.cz,"['4 2 16876b6c4f5c972e12ca1c8a48bcaed915e5dafd203f5a5b2052c9533eaf612a', '1 2 08657c0f0e00509e844b24abc495613740ba7751a001aa2117d4c0b04ddd0025', '3 1 01d3a67959ee2073e8a8f599d49ef24bc364d63f', '3 2 879f5bd1f70247f9182723ebb9c624b01cbfa026057d1eb4f9873dac63d815a0', '4 1 c555e44790bdbf5a650fcdb5b4a97c911d01a570', '1 1 ae23512ae4bb21c004f09bccefee326817c67576']"
142.44.144.47,smtp01.businesstechnohub.com,"['2 1 3864ced3ea4eee4ca0f997acd72a6dcc54f1095a', '4 1 9f1bb575e42ab0cd39f28279768c7748c67336ef', '1 1 9b108cf9178539be5f0858359cb65467ae043cc6', '3 1 5025df2c394deeb83341602d78f28c84b6ac4cf1']"
93.93.131.30,onza.mythic-beasts.com,"['4 2 92abf0a10e05f6cf600fd46d29071c4fc9540f6359198488df0de28847740f22', '1 1 b65becbd9d2b1ec1c5537654de658e2e8a106544', '1 2 2dda583ad1d77f8c3b90e97068b0b65a8d3e30573347e9d68536bc349a0e8623', '3 2 b4993bd4db4a8afbc01de2876ced1f18983204f5e4b7c5234453f40df81da9dc', '2 2 0b6fbc1348a0d640bb240c3a27bf820ba2f47a53cd3defa8f0de7ff4d4631775', '2 1 e68abf83ee32bb6df20d70335230cdf054202b60']"
98.128.171.68,bahnhof01.ring.nlnog.net,"['3 2 1da0da6827395adc4e1f6a2371e41d38b511f45a905791b17a4876f8307a8efc', '1 2 f3dfa8e7060bf6bff0cb6d751330a075a7ec0fc9134be5a2d4e06b95795e33f0']"
185.17.255.119,box.tornoreanu.at,"['4 2 afd2f2ed188437db961e30c8c9f4f0c733d26b33188d6c84c58ed136593961b6', '1 2 664b047b591883d0fa3475504429eb1831795a5b777f1ca9db2a28c76112ee13', '3 2 86fa0cdc5d7e3689e31b912b53ba8ff762af8b780be6ae70e02a965aac22c9d5']"
146.59.141.105,klipfel.clients.teambox.fr,"['1 1 39f18068fb92ab4c9cd0510cf5ef5084e20085be', '1 2 a85ffb5d1917901e164b050328cb1c1656ef49cfebdf0190b5e402412fa1e187', '4 1 c9d3d895ca60928ac4c95c265d5d370e26d1db24', '4 2 36711aeaa6d629442311532ecd5cc0d2fb8f54d9e261f4a2b68efd869fefd0f2']"
103.253.146.106,box.safrins.com,"['1 2 48336cbff98f017f7180f26b625c3d463b2a9be1f1df0ce825486343f563842c', '3 2 68de7fa2a55e76f02ea70e10ff5e42b70215f5b2e870e5d0a0d1d50a3077b3c2', '4 2 ee73c255054397b3317ac6bafde66586f8c61b9d46e6991ad2a29a57e2ee0fed']"
50.116.39.37,shed.hodain.net,"['3 2 61e19ffdbcf7192cf4aacc0de3806718bc2cf86a8c0eb041a2f23227ba609d74', '4 2 45c3c0c58dff673461e878237ae5b19eb6cb0c2ee0b72783a9a13ae39d901cb4', '1 2 6721d0b3bce78ab44d508705c04608cf2950ed1e171e97418aabca8602e61c2c']"
78.47.165.237,box.maus.dev,"['3 2 6aed9e16b5a5e925b06838399f77dea7e1e09787b83742f5ab173a55a80758c2', '4 2 a80a4dc390fae5cf474bb19c80d169d9f8a713d6fdecac70dbeee7062492fb24', '1 2 edc41cedf06f7c658ee559b2884818ef736821dd459dd43c692d1e0aaaa39a67']"
94.142.246.15,ns02.soleus.nu,"['1 2 0b906575863e6d15b711fd8b6300726b68c65b9089253893558b93d0053c24b6', '4 1 b77482d64e2b15aabaa6de1a00ef09aa62018fdb', '4 2 e10662733daefc986c5688fe299e9405f8e07a3bfba748fcc258b4aed15e6d3b', '1 1 dc9cf4caa609277892060209d671bcab2be279df']"
131.188.60.104,cip1h6.cip.cs.fau.de,"['1 1 c543e9824be18edac1a9fbb693b12b943b5f51bf', '1 2 9447a846ee7acd4c3779c393a71a598ffc844d0c823760d79e08f10d2f93ec9e']"
128.232.113.2,trinculo.cl.cam.ac.uk,"['3 2 9a895d46b82290b2e7820126f47a9d7ca331f0439f1b541ab9a624e9e8dbf33f', '4 2 8b54d95d51ed7a35b7b4a72c54d32ed799488301c0dddc0bc011103ae0bc1a8d', '1 2 8e8d2fd5435992ab233699874edf9fe29c7e261378d8efc06e30c6d51e46535e']"
134.109.83.138,indium.csn.tu-chemnitz.de,"['4 1 9f402c1a832ca5bf91673e26039ebdcf5122b749', '4 2 eaf76b56406709c220d7e6a22626ed381933e43ffbc70cc4dc2435806e90f3ea', '1 1 ec4ff31f564f1c97aa43a565b659550de0aae542', '1 2 c9f26a5768c77eb7ac4fdadd3d12b2da7788429cf7b5a77a6c0a74f55da5aae9', '3 1 40207e1d43fdb9bd5049bb6672c7f5bc5aa2e0cc', '3 2 f9e60f601be0b2f94a0bba63431bdda64a5dbde6c38bef75210303fbc1f80d49']"
2a00:1ed0:2:1:1:5bef:c9e1:1,replikant343.thinline.cz,"['1 1 ae23512ae4bb21c004f09bccefee326817c67576', '4 2 16876b6c4f5c972e12ca1c8a48bcaed915e5dafd203f5a5b2052c9533eaf612a', '1 2 08657c0f0e00509e844b24abc495613740ba7751a001aa2117d4c0b04ddd0025', '3 1 01d3a67959ee2073e8a8f599d49ef24bc364d63f', '3 2 879f5bd1f70247f9182723ebb9c624b01cbfa026057d1eb4f9873dac63d815a0', '4 1 c555e44790bdbf5a650fcdb5b4a97c911d01a570']"
91.239.201.66,replikant2752.thinline.cz,"['4 2 83d6fb48427cf58a0f694b4d5b9e138f73856ecc385e9ebe62cc9f4bc6535ea7', '1 1 af1a33997b41c07fbd866af7d947586d598b5102', '1 2 1d91266c3e4da64635d5749b3b7a2e64c0fdfe9ca9813d96abefb31c31e43fad', '3 1 aec07f098912a5d527120c6d1c0d36dd6f08bc22', '3 2 282c56f528e229a329288602ed62b30b890e9492383d4a62b8e79cbbcb81f161', '4 1 502101c3c6f0b99b8e6313d2c71c6a8830f5383f']"
37.221.193.45,box.buttr.de,"['3 2 53f42868ffc391231d1cc3ed5c812048504086d182be8eaaac8c15914df888d2', '1 2 1a37e76a49309c62925181a3abb50fe16b6f85517de80a262f4d346a9c384451', '4 2 6229c051df9b6393cb804b5a0485832299ad001903b30dda15e54df6491e2d15']"
169.237.30.159,t59.math.ucdavis.edu,"['3 2 e17e6a8b06fe8019d17b569cf71efe8630a5b2f4c0014bb9f3499f3c2c092453', '3 1 4098ba53c29b0045fa939654610360e1b82f3ae0', '4 1 7e1d6488c22cdd6b1c5353f83c0f16e3b2292788', '4 2 3a9bb58e6de9705415ede1f61c92b75ee6b79e26b2b729d58833f49716789697']"
82.94.221.8,idd0013.ii.nl,"['4 2 d776e803880ec130f7d60371e56eb140607d5943f68485e2a798ea344c0eaa47', '1 1 e383a59cba66987a7948c5d61a2c097a86b6adb4', '3 1 83e94be704036795104f05c1abfa54c8a51bd391', '1 2 d38b889fe846ed83295ed0f358050735f5695b0bf8ce10426ac17f3512e3e40b', '4 1 845ae60c87c1e55ffcb39e59b0d50cf0e31cb81f', '3 2 74a314ba21b45d1e8d08c1179ab69c2b66be7606f8cc3074df12dfd1d2139fe2']"
130.239.242.11,b-cn0901.hpc2n.umu.se,"['1 1 3fcddb67490635e8ead8cc858f81853411df0d5e', '4 1 6326dec6ac3ecb72686ecda611952e569b10a87b', '3 1 f226539a3320fad57e839702124ab05e884a1e38']"
131.188.30.205,cip1c4.cip.cs.fau.de,"['1 2 e4d38883ebb8a9beb939c99cee5966c8e62651e18182a3e8daf371ef74cc886a', '1 1 d30ddb941fe834375ac521ee206ed246daa1976e']"
51.148.135.192,merovingian.lloydsmart.com,"['1 2 b2e2fb158029e4568557da67fcff7ef7cfc717a14f6a80e06d9e93f410fa974c', '4 2 bd05036bd7a0bbf85bf262f64c69710b632f8f9ac97db77fe278fdc51f651140']"
46.4.98.176,constance2.framasoft.org,"['4 2 6c0c4bb429f35156113752251931967ebdce981445a0de004857e1fd5558ff63', '1 1 cc870420daacf443bf03c9df7b5a872195c91c2b', '1 2 f5ea7df230d2e577d2b9c8d52334acf3cb314c46b8f35b18e98749bb56ba415f', '3 2 2bbe96b23bc7de34cec5eb103b2a4026990db4108af3abc38b7cdc8d09e4102b', '3 1 9c283e57b8f2caeee54aee7e33d49fa6fe78c14b', '4 1 3c919d9f320decfa8be0374a249381a5ed87a964']"
5.153.226.167,host36.vmh.bytemark.co.uk,"['1 2 6a2eaeea830f86ca22b9729861c2075d4dd930a1b7e4dcd4a028461ce83b3220', '3 1 7099e73b5f08dabd976df7bc1db8771ccce74f00', '3 2 65a46b760f6f5b3fd167f03c9b93ef418b79fd38b3d6fe3ea22db82f64b69e0b', '4 1 6843fec875fae7eed4e858e77e03a9c5ac2c89fb', '4 2 004bb062d9dcfd54227b1eacce64a2fa880122832ed2ce145f210b71750af977', '1 1 a0357ec4852844109ad81fc350741b7a38199360']"
130.239.242.17,b-cn0907.hpc2n.umu.se,"['3 1 1d44c7c720365843e1374883dc3226c147602185', '1 1 473eeb017a5515097922e1f91bc61975d455dc62', '4 1 8e12e925ba787351239c942131d73b227bdd17e6']"
131.188.60.43,cip8c6.cip.cs.fau.de,"['1 1 0b539bdadd0c1563c317daa31d621e81f1096315', '1 2 5efc6c99fbe47659aafb3d511ecd3decc30a4dc621307973e5c90fef337720fd']"
193.106.164.98,fiberby01.ring.nlnog.net,"['3 2 9c28092cc78c85fc234132f61ec69e3ea1fb579acedbddb10969ebfa97324385', '1 2 d811c22c399399ad7512d0701090dd0a82f885e1c004499eb3895dca8508eb19']"
131.188.30.146,cip7f2.cip.cs.fau.de,"['1 1 5e7fb1714f897121823bff07986009b4efee40fe', '1 2 84e8ed23fa136d086ec2e5eec532b40459bde68274afd040f44944dce7693cd6']"
192.248.191.210,fra1.easyvpn.tech,"['4 2 579a423a9ca0aa1854933515c0b71256ed500230f111ff5b7161dedf5234fc79', '4 1 553a561c3615b3dd9e0165d7021028559efe58d5']"
104.130.158.145,zm03.opendev.org,"['4 2 0da12079cacf35599829075ebb54d96a1a50af9660cd1905ad4b7c9add74e9c6', '1 1 d044d66a72d4de233a15efab34b4785dfa529622', '1 2 14973471325cdefc2dbd3672e3504236c5fc3c4396a9f545f1d81759cadf68e3', '3 1 ebfd7ca4fda8544d58cad1ed30981cd5d8730de0', '3 2 1881a76922ec0c9c6adcb9d8c7c289de6f9a69e7148750f7fcb8f2b3d2b69801', '4 1 e5816ccbe7c2355f30df1e90999618b803617660']"
146.59.141.121,sksecretaire.clients.teambox.fr,"['4 1 a25c0a0535e6cb389f13363f2357befe1cac649b', '1 1 449f86697ba2825ead5ba8d07c09b213ddba868a', '1 2 774632eb7485d90e262d9c9f6c87bd2c675b0203f3bc3537ff52ddf78891f8bc', '4 2 d7875479c23afb3bc290e0285dbdc5e74ec8a133af9744b3d1b1e2e8b3813fb5']"
159.223.157.234,box.itechmindscl.xyz,"['1 2 24e46e34e832e0da704f216946a924d83e8cfba116026da41fc3bf4b16289409', '3 2 fbe492a531e23f6022723165e2bd415958c250734bbc7d29094e5fc34a97e7fd', '4 2 aa73038c4af79e4938b3915d372b5c9420a8063385c72c0d01355cc516783ef4']"
137.56.209.87,hopper.uvt.nl,"['2 1 d016e1c205647082377aa732d051fb0029e31862', '4 2 337a96154aa0c347727bff97f0530a1961d82153a84cbac43bce8bf7ec19d03c', '4 1 1219ca23a40b1c072071fae2ac43040e3df23aaf', '1 2 d4df6010b17ea61cf42e338cd05803ac8958fe867a03374ba0dd21d2fc263f64', '1 1 be3ca2e0ad79ca323abc04cae8e414ced2c23f37', '3 2 7303fe64487577fc55ce5db1d97bde871aee2614f96a3bcec0095af8330933e3', '3 1 db73cbc55e41869623d78e941a6d38bcbe3ed74c', '2 2 581d56df8d8bf47c26021ca0e78ea84b1e1d70a6e670fcf49ef68aeaf78f977d']"
162.0.237.179,box.brokenmatrix.dev,"['3 2 a6bd2979a18819dbd9cae474e8f7387b2e32b90f83d1c1a543bf93f7067edd40', '4 2 b28796267501d8ebaeeed173ccef2c03a5ad91fe3d08839537459c82efa016d2', '1 2 683ee271b8fb6c0889ba9ab251b46672e1dcb0c76ec60c5647098b0acaefe877']"
146.190.163.5,tritechelectrical.ca,"['4 2 fb40f009bf25039878cbbb33655e99288ff22c5cfaa45b560b6c0a163b603677', '1 2 1276aa17771e8e621a394b6d81c50ce1002c4488ab15fef353505cf0efd1fdc9', '3 2 7d5bbcb98505166c9313b37dd5f31d42f993a1abca08653d618b5793a63b2daf']"
198.71.6.96,cockburn.nber.org,"['4 2 90770e87a7e45cbdc2e0ac70376b4d354d09ed751b4fd9e913c8a124ab04b8df', '1 2 280b232001ba1c78ee8fbf4f91d7671fb078b3b753d29c34946269196b44adda', '3 2 f99b6f15248639141fe95c467ba6f2aad143df1330708a2e30e5041aec75fc8c', '1 1 8bd4ab957fb7ca54b5313961d64deab13a81af59', '3 1 edebd08756b945f84e7e026374d47ee641754330', '4 1 ab335455aee773e004ef436358fd1f08f0eda442']"
129.104.30.36,jamlikhet.polytechnique.org,"['3 1 2211287b210fe9e6edc5d2e4df55aaf7eb7f47ca', '1 1 c6ba47dff3c534cec397d2e85ba27d2a964f2d04', '4 1 300ceb7e3b9d4ec18443bf30479349db0537e279', '4 2 f7840bf91c7f08e3dfb8168342773f30acaabe7c37ed6fc7d82e66b3a41889e5', '2 1 9b5a168ab5ee68d0b0dacce9ac15e20b673784be', '3 2 aab5cac9a288e8f3b5702cf192abc45db3e2725d4343945f0af8e749fbfb99a5', '2 2 e4ad1c431f9e99cc19ecfbb0e2d59545484ba600f9dde90313e2beb97022af3c', '1 2 aa521732d950105b7c07d1fcf363fb1404b7608d6d2ca86df3a7312e42659b38']"
209.87.16.70,pejacevic.debian.org,"['1 1 5003fa0e42eb554ffc9430320f432c5f6af2c3a8', '1 2 ecfbc6fce8297567261ff273356777039783dfefeed3b5f53bea95f83ded229e', '4 1 39d57b91306d6b68a3ca5ff629c33f4e7361e14a', '4 2 3e26b8c81642c28a5f7bb3709f6b79052c835217f5a7aa2b0284b7bf33998b9e']"
149.28.62.10,petit.wirewalkers.com,"['1 2 88e714b76abaa6ad9ddecfb5bc31ff07fabebcde3b8c1cb5185c28c815103b73', '3 2 9b6b9f5e55977f53b022d9f9222941d16dc5d0e945af0defdc4d68876521accc', '4 2 5c71f7156a6e72b5689a6583d7be7d24a7c098fe2995fc6a45f5506d0f9beb12']"
2a00:1ed0:2:1:1:5bef:cb8a:1,replikant1341.thinline.cz,"['1 2 8bc6a55327213a85313a247347d5565b3920ffaa235b730c7f7b1ed7eb786b31', '3 1 f5af78eca682512462b013d820428d2acc906e79', '3 2 a0942f929ed3fb20edfadb0a55181b246921b1d56fcf2fa059021c56601bcf89', '4 1 f77944689f568b7f47f8d2a692c02a7555a767db', '4 2 f286a1b68f89d151f9903c2f1445c9da866280cfc9ee2450bff536d5b8d3b6b4', '1 1 6bcf5ceaaa09b1998a039a5ba32e66cfa645d5c2']"
131.159.41.29,vmbichler55.in.tum.de,"['1 1 714b5ca7a44b20dfde37b271a8d9178c2aadd2e8', '3 1 0083f65ddf98f6966e32318bf69b9e5cda941f63', '1 2 9eda4bd7421e65efee28a4e2086a1422d73c8f5436e4ace143f50c72aba83c77', '4 1 224fb2e32ad409101e5ac6102c9fcf5e00d2c5a6', '4 2 cd508aaeda1a7fd0df15da344a318f38607d368c8a75e8fa25ad6f448fb8aefd', '3 2 c7ecf5246e31966a8f6b7459842b5c8bdf37fbfc12c31bd33a50bffe229cb87e']"
137.56.209.86,popper.uvt.nl,"['3 1 b0a461e3d6adfbc65bae875e4ed12d6d5f550447', '4 2 a3a496a19dbabb05175b6684ca827605cc51914b025c91f0422fe54dab107b41', '4 1 d46143aa46b88152cc6957c3b5e8920410a9d771', '1 2 bd49da240aa93ec7fa32018418179eebeea7bcfe94eabd981886b4acda71c9dc', '1 1 8cec29f478973beb3df10d6afd65a8426a09fb88', '3 2 a25a129955d78e766be6e261ad41893128dbcf8529aefecb9565d6ee2935c673']"
67.205.157.184,robinsons.casa,"['4 2 0a30ef6655709886213cd3739587fcdddd8e13bffa18a7cb4928f3c7fd3e18e9', '1 2 847d669a19d7ab4d8fc5d9ba26d0a006ba3deb3e8508273ba129767cf8c2f6e5', '3 2 a58e542a2fee4ea9acf7031e3fc70eed27a109f73d45ba3f17adf26781f3f224']"
131.188.30.39,faui0playstation.informatik.uni-erlangen.de,"['1 1 39c253ffda83e10688178b7b8c63094348d3cbb2', '1 2 c05b79365304bec5d9d42436d4bea18c0a2934b4c950f5d044caf1b2d30d30f1']"
54.39.92.153,smtpd.162.mta06.net,"['3 1 0ca36b1c738721c0494d69d99d35bed830cf5696', '4 1 bbf71e78c970e8e423522bc4e8f92682bb2a5f5d', '1 1 eefd1bfb9b71c34c39d89510676f9855d31cda7b', '2 1 b7eb4e9c1581db675ca804871765b2f64a31849c']"
91.239.201.220,replikant1776.thinline.cz,"['4 2 85f8fd44823d7a2c98c8c1bf3d75f166aa1e64b9e274ce5a4da94811584da516', '4 1 1a146d87d68054110460656a1cefd0fab66c9f9e', '3 1 64047bffdd6ee87240c11e638acc1f91399a6298', '3 2 114413dcfdea6ee4547c2707a4f8d46bc58b9221825d34cfcc7e66d500604070', '1 2 d95bb62d3686c2f0059c5a0a7f4a2c3758b23b5a194f388b1f7e2cedd2bb8c8f', '1 1 47e7785de1ef6141a1d629d2cf4485d7501bc927']"
131.188.30.239,cip1g0.cip.cs.fau.de,"['1 2 4533aac964936fb1e11de33dc56c4506933965fa920762cb68da985979d1ad9e', '1 1 ff5e9c4a9aaeb104b7dd9606290433296d914aef']"
142.93.241.215,box.jimbertamante.com,"['4 2 dbe389fe60b1ceb5bb15e6edc205e572a2aa6bbb59c04872e0b01f03845eb572', '1 2 016ad1fff3a8008cbbfa56308c2b555911fdc76104b58a20892bc969b76ef601', '1 2 c53896ae330be03509242b83b39bf97758a7567639a76765c6abbc03d254e197', '3 2 64ae3e315a5937e48a9b25edb25787acdc47547816bbb8dbfd7ace88ca27bbbf', '3 2 c52a61eab38768cf822b108413cf64c7b498dafaec71aea756d91f8fb7199819', '4 2 8d88d3632d74837c565e8b9e665780c97b8f06df2e5462383460d94d0f63e9eb']"
141.84.44.22,luke.fs.lmu.de,"['1 2 581a78076348642cb4d3ee7754c043633ae367bde8ed330376d678b6635681fc', '2 2 499cb8ed43a2ccdb1f04c7b7f823922fa0c936be03d80a40ebdda0bef36efd30']"
167.71.123.15,box.hovdemail.com,"['1 2 0f99483fce5c6259f9cd2946a2c6eff9bb4bb26b10183b785db2acd026010772', '3 2 9ab087dc34dcbd2010513382b5224c97237a379b03ebf2d8f5e5905ae7bc878a', '4 2 36a0a28491be475eea8c39d1c3dc49ada79841fc056a9b734f6b45e02851c626']"
147.182.247.125,box.email-blackhole.com,"['3 2 771e730b489ac287c8e7e3c5ee9b2a927fdae62d731154c10eb658e52c245d51', '4 2 9ef5c3612efeb93f79d9e2ac3dab2b3c11ae3c2d45d753211f4a53f547f85b2a', '1 2 776d2fa771905bb82cb7abe79ac8c116042b4334c0810d7fe3717e973a7da006']"
116.203.84.183,box.monomedialab.com,"['3 2 373cd35ffc76bb9723c0ecaf4347d3d8520342f14466f793ce8e3184337df66d', '4 2 a8225d2efa304ba1cb7f884d3c0c5656a681ee8bfb40d72c1acdf038a718bb23', '1 2 8fc0f7a95ec147e2dc380bc405a73d4469aba1aa0e3794cf77f107ed5ab5406f']"
78.46.162.30,talea.stoecker.eu,"['4 2 2f094b3eaaf0efb99df11979222010087e12a3d267e30def7d7cf58d19b2d1d8', '3 2 47d5f362df085f9fffef8ded8b1273b0181c624e5c7f313ab79ccbc37028604c', '1 2 c4c355a2dab2a42abb1a578e2845270430547e5efe9693ea137cac3ad2a7da6f']"
91.239.201.140,replikant185.thinline.cz,"['4 1 84cf15e508f215978dd9755717c7ece82160be57', '4 2 5bbb9183257069b98ab73d93d3df07bbc06ad7a58884382c24d3f3b342758a14', '1 1 f12de5c5c2e866a1c5da7e5d635294fcf1a2a75e', '1 2 3c5fb209ac7a0deb1eb2c0f67ade1d7984e6c242b69a9432791b85a94c431dd2', '3 1 57256eb1b4b14008c7d4854d2ff09a3b659ec434', '3 2 4a7c078f39b110517b4a1b35553e04046e9aed31c3a766576bf9a60ee91d2b31']"
137.184.135.100,mail.mindfulprotons.com,"['1 2 96f4f3f4fca67b926fc3114c5e0bee88dfcbf68fe8b93e90a302f21e49a186d1', '3 2 d0e1bc3028f40d02fc7d79c4f814b73323d612e318f58cf596b0a168b9c5d3c1', '4 2 907c4803828b1a30728fb7b9deabcae525a162cca6a2d150537c6dee0502fc54']"
131.188.30.154,cip2b7.cip.cs.fau.de,"['1 1 efe10a271e7f0bc21f4a02a4e423150ca99f38ab', '1 2 0a62b7b22d2d5e6ba023051767a718f4f8b99ba4a94d08b8a88d457187b32eea']"
159.69.238.84,intern.casa-due-pur.de,"['4 2 e3a34bd70058a49e487e3e2a5c356e8710307e1b0afd3a1709a74341b7238071', '1 1 ddc3217f2668b1c5be2ecde98173c7f50b400a66', '3 1 18fa333ea12f0fdb0746f82c8b71188c67187a2f', '3 2 e9bdc6113bc6fbf3bdf71174fd3ed500a2e55061bfa6e2dcd5ff843dd528900c', '1 2 7783145a26cd7b9d5a65f1ee48f096953dd7f867d297ed92e1b591c76d08718c', '4 1 ecd0a48f97e1dc85092f57774572522d9afa83c2']"
131.159.41.221,dssvm5.cit.tum.de,"['3 2 92a057a5dc1a8d0a66a1b12ef5289dd7aca49bd019a1c4967a7437baaf0bcadf', '4 1 491a291617082087064647df93c16f019b7359d2', '4 2 5ee70be95c3bcf01ee1261f7d1b5b5d90816f2871960ee8477ec9b892ce03700', '1 1 8b8bb82ffa4abfb72ac3ceec36d640008e32d3d9', '3 1 de6dce262a12529ddd62b83ebd4ded83259f16b6', '1 2 d30586c9032263f6cc3224fe91acbee01058e70aa7687e3130ac18d513c2c989']"
5.2.16.52,xi.voidptr.de,"['1 1 406d57c4e7f8b1d37762ce5fb1570a1ae4a0e533', '1 2 9b05602421bb46973d8bb8dc6e2234899bb8f7268fe2f1890ac67dd747b69a1f']"
95.216.141.3,mail.a12b.pw,"['1 2 5aef98006d59728b12697fb552560be29524b24d06674edaf1ab31211edc4e28', '3 2 c0b157a03677b0632f54c817ead6475c84c0fb25b5ce8d1a97e10444412a66be', '4 2 ca48d9f1a351ea8c70810432659cd84603f08602c70d9b556243f1aed9ad1a3d']"
194.36.166.42,ouv-mastodon.octopuce.fr,"['1 1 7740a38c379333804390c85f56e090e4f31649ea', '3 1 eed24d8cc2ad0c75a3368e64f192f24bdf77f08c', '1 2 9413dd603b687faa35eb66c81fb7bddc81446ec2a78ce7684dacf72660fcecb9', '3 2 f78ecc59b1c57e7518231a4a7d4b09028209f20eb4d6eb967997565fd031da25', '4 2 ec8b8557625846823447046401520321576357f58f9eb352f9c18ba95d12d096', '4 1 956c3abc7dd9ebd4b0a2dafd2c472dac8d404961']"
2001:41d0:302:2100::2ee,tepati.linuxbeach.be,"['4 1 b1d62ca54c623d41dbae189be04c5e893518c865', '4 2 010fc063820a97d889a937f3d3b5aeffe02f44ef99244287697e41c43e1464a9']"
2001:67c:1bac:1000::226,hemel-hempstead.dan.me.uk,"['3 1 6499c1cdebce8e2906093cdfa35c7b1bcf11ebf8', '4 1 4873c24b2efb9ad099f59943fd309c8e670331d3', '2 2 6718d462c6cd1a515356f73e49357bf20dffb975be298a90379885fc13ea9908', '2 1 19e810eff95dd5b35965d7570f6ef8af1c7091ff', '3 2 ce2b1f775bdcfbaa90c8cb07ad9928bfbb2d22129ec962500022a3ca8659d2c7', '1 1 0b523d488ec4efd22f01b9890f46141c6261092e', '4 2 ac87fe13d77dfba0b91e299f5a2191600a2f4096052698f12f39260ca547f835', '1 2 8f5b986dd5bfb0bd4c6bfa4a2c9d5bda62b2cbf06f4b61fbb6e0cf3602a707e1']"
195.122.150.177,www.infrasolve.de,"['3 1 8503748f5025e2a7dcdf9b0d4bacfa255e1906bc', '3 2 c74587e5d8d2bfbcd95b58541aa6a7921986bbdb900fb35ab95ab1356c660cf0', '4 1 7e1fe277ca3874adc19bbf5d3be56219817544dd', '4 2 4b55b4ccbc304d14c2ee76580e7e52fcb0fc200dc84836a840e0288f43106abe', '1 1 31e629cb49dfa969dcdda38bef4ff0cf6de6edaa', '1 2 95220efda62302ceeb092317d051110a358e82d7a850abebbae131742c86e81f']"
51.195.255.106,mail.media-1.co.uk,"['3 2 d1a42b7413da954156187188dd43733ad58ad7c842abdce4f2a2fc47a5fd767d', '4 2 741e9e1520f6fa92351ea4e8e0a57f075126ac16cdaf8aec48a1b7f31287ad74', '4 2 a28abdc3b446c9a9a6bc78a64b78f974525d815342a56a0d5afb3362c1672460', '4 2 a6f17e164060868f3cd4ebe8ddc54d92ef803545d44ae71d46eaeac334099be6', '1 2 2d358a6d20b89c11dc15ac712cd545f601b64cf669dcaf15386a67b75ab9f730', '1 2 41264099603aba15096c3aceac15471b7623e804ab99c9d551c9405d87d1c3a0', '1 2 8af1600a57e930587ff6c028cbcb8d7c8fdfa8fc4a06d093b548d9e865c18575', '3 2 2aad8dbb7e26b0df5f88a322fb417a01e71227195d4e737f64e12219af4368ef', '3 2 66e23624719839ff1d157853d52f2d4b03e22c046438c070ded8380be7d61cd2']"
131.159.47.52,vmpretschner36.in.tum.de,"['3 1 91c885fb624c2afbfed7e46c0ef0c1c61d9f590e', '4 2 b560f6cbc4c7d1c5da6e36a052588bfbdd5a27b77ec75e33cd3d504b3bdb0b44', '4 1 0cbb9f712a69e270e07bd79093d5851ab3f21f1c', '3 2 d5845938b9118f4091c9cfd47f36eb614d70ae35b4dbd4b3a8384e8b7e6a3222', '1 1 6ca7bedb032264da26834b68906cd893172baa1a', '1 2 0b9198337507cd570d4a00d40a27ddb6c2c64a1ce0d97b7e2bf3623dcf8f438a']"
141.94.223.34,box.pr.swapper.market,"['4 2 95a6efbb0819739eaf1d2c3f1e5915a175d07daa8ee1214467b127cf907d2730', '1 2 bcbe0a66869bd732e16d6c9de55e0721f229902949928404d2d609b0b36d3fa2', '3 2 e4722f5dead8a06159c17d79400e347dc338102a43bf4a96709d2ada8c195c8f']"
107.191.102.169,box.notbren.xyz,"['1 2 00b0bd668a123e31544e561b1e0910980e10f8da24429b806a7bcf41b82cfb39', '3 2 683f0ffe73a4902dcde31227342f63c93227aec0c325fca34bcffbccc396fca8', '4 2 217b38668084a9fce4015f6014e083e26fed9b4e71487ac07205c1b0f53b6ca0']"
169.237.30.169,t69.math.ucdavis.edu,"['4 2 a746f8e5dfe198a7ab48a3f15a7ff82a13d48267aa6f00b22d97775de5c80e1f', '2 2 88245d036053462838f8432dea28795319263633e1457471c28bc86b68c8e324', '4 1 a6cdfcdd61ed1a45b9b1324318606c941e046712', '1 1 ff0c5f3b6436c5cea9fb90be174ff8598d3478c7', '2 1 036cd9a957cf9d4570a298bf5f526bb6d2731307', '1 2 8d32fad0084b67dac9ac7b5129c0ff54fd889524cc8d697c43a4634b1ff8e994', '3 2 cd7f9df37969339b9d84c0f49148c3c3c7517d090b85f1cadf85d2622c02fef4', '3 1 e813e4a00784d0503d4bf51ff5192b6e6f537354']"
104.239.145.30,zm05.opendev.org,"['1 2 e9c197f8d233a74a06b112c77a965db79046a0b88794861b58328fddb5a0b8bf', '3 1 f880647678d10559cbf6eb0c29ab6d442294570e', '3 2 f3b2367672d74d70add787594b498e63a6b694c59098a05ffa1456a27f37484a', '4 1 ad9ddd081506e46e8cc412cd28f4f59531bac0e6', '4 2 46f54ebc819ac89feadb6f7bab09fd4d8a47323946db13bb3b1c4197d3813cb6', '1 1 4955bb9399612aa774f01e6f2d9b28b11c351bbf']"
51.254.214.0,box.reputize.net,"['1 2 df2e38c8a3411ee5323a3b2afb4fbc44526acabac91dda01ddbe331a02920fa9', '3 2 ad4f3dd15990078dd73bb461744bde389d8df79ebfc9abf9dcaae92663d5ea94', '4 2 397a493f5ad4b37c3dfa68a66f529687bbc7ed8e39855b38ced0b03788e4776b']"
167.235.248.37,south.zitadelle.dev.open-desk.net,"['1 2 6b3e5d8a573777ae44203e638d2d8828a1f8231f26686fa004e2915ac0a5fcae', '4 2 eb749dc6eb05c34d19e7f8542090b1def4505f60a61e32bb57a0e2e5b194e0b6']"
51.38.114.13,box.usarebeccabonbon.com,"['4 2 00958ba08010d616a145907837e386984b35fc40f3feb3b0e9f9e3aa982d97e7', '1 2 0114a106406b47e5f208647ffb1bcbcedc1cab08835a1e5be24e629a6f1dd02e', '3 2 dbcd2483c378a98223db2bb81db6f39cd02cfc65ef363c4863124a3fdd0f0042']"
91.194.60.202,cache1.octopuce.fr,"['2 2 71b91b84396650000a53a75058d1ea43f356b117c4a59232b9afa8827b34f68d', '3 2 23e2ed50e2819a87f73e126e237830edd14e7312bec31c4bca2a9f30702e722a', '1 2 2e1e103d0e911f45e157920adfb04f4cd1902d72fbf29185f4d6c8d0dcc10190', '4 2 600ca87f7723bb9c18b52730e2ea4901472499e9dfaf735fb9f5407e82584df3', '4 1 9a13ddcc0ecaf31f8248513c7c0732f1f4c559b5', '1 1 e9fb7d6d946c88fc3e8c1ceab9677faa1932ba35', '2 1 52a7dbff3995aa5ac366dc442629bb21bf3754a4', '3 1 bb56010b78be6a19c05f786f359187aa007e9723']"
131.188.30.77,cip2e2.cip.cs.fau.de,"['1 2 e8ee33685f49c634906fdd99c36784e9e305e8a30224f5a2a1addcb603f5ad52', '1 1 7916dce77ee4c872961b127a11cb8eba46b5730c']"
131.188.60.25,cip8b3.cip.cs.fau.de,"['1 1 2a603a01443c21ab3b200410b1d9f9ebc6de4795', '1 2 f19c306875692843ef1bd16da9ce7559d1534b7614b56251d5c6cf48ea864892']"
178.63.240.149,francine.framasoft.org,"['1 2 8e0ca2f34c936e9cae27117dab9470dd60b89f3a6a346a3a77553ca57da3dac5', '1 1 193db7b78696ebaa6b17cd0512ece2ef8b77223f', '3 1 5a8d142d8d238272bb9e3e497d88d3fb28ab9191', '3 2 e61f75b1e88399afb9385790282daba4b100a886a0d2cb21b535a69b4fbd2b72', '4 2 4761e1074005717dfbbebfe1e1c2d3c3db365fabcae2c1ebc3b5d3e4bbc476fb', '4 1 315504eacc68dfa0d5dd26b7a5e77aee8392b4e3']"
168.235.89.132,dutch.arpnet.net,"['1 1 01cbfd6d62fa334c48da64c37d000e6e6a5e391d', '1 1 296791e3bece7fda0793f7b039140099550dd851', '1 2 a444b3aecb7c3774c42fb8b943b19521112800d566476a7f638b99ec522e4060', '1 2 c4f15403e986accdada8ced358a1c7f04434a8479c85ffdb19a7831094531717', '2 1 f65da62f71a5f1c59c51a5dc758a63508df04b49', '2 2 6edccda9e9fdb62699ca5336ad81a22b74095477e78c2b49ffecdc17f48213ad', '3 1 c2db05adff4ab450c12f8bf5491c1bbd7ad18f6f', '3 1 cdcadc48a0372261af889dc82e2b40e5106807e0', '3 2 07ae8f84cefa466334d532f3c8f27db9779662568efa033b6ad96c006c237b1d', '3 2 93554bebe10159f705c57602699ef3b1e6448a15d6ce03c358b20e2eb6386a7b', '4 1 33578e72f626b14b338b44c9381de10eac06d074', '4 1 a22aabf82c9708412b56140a8b6fb5a50a41df1c', '4 2 af848fa45b64c5e3256bd43c32e12ab180749d882189bcfa595f69f7a83a3390', '4 2 b81e9fee82e55b4666392b52138ef6dcc62dc25a698a4b577da2755375a29368']"
130.239.46.50,klaphat.hpc2n.umu.se,"['2 1 83841b3ce9f2596df5faa1489524eaec0d0e0e1b', '1 1 bae9d9fd35da95ec868b95adbe4313e7fc9a9578', '4 1 4f63c8f40766a1916c4969980b9ed80ea57a46e0', '3 1 05802f1338590724ab35a241e3d16495dd0cc7d4']"
84.200.74.136,leonard.prauscher.de,"['1 2 33331d4f3327282a336bbb0530a4d16811ce8f39755e7c84894bcd1584ebd877', '4 2 ce7ceacfcd3b55c147b503b63ad4b4d0588f7e0d33933729a7e1d016754e05f3', '1 1 dbcb6c56c6d872faae01804ef76f5ffd0cb1612e', '4 1 8b263532fc4339b96a15ceb067d2e80f26bdec23', '3 2 1aadbe82d7b3bdfc4f53c8e884d19de5940a62063df6933f1281a71625bdf7c3', '3 1 8f8191c7f5e8f0376dec6d602eadfdc01e999040']"
131.159.47.122,ssevm8.cit.tum.de,"['4 1 fb054f71457ddd92ecf865b41e9dff8309189fdf', '3 2 dcb632f58f8f41e81eead2a688d79572c508ab2ccf1cf4c215d52b5d0d03f709', '1 2 86b282d423de35ac5178c9203a1f3a70bd56224c024395c747ed7a8ad74904c4', '4 2 6fe327c736ecf28ee9856bf6b0c822fe993b8f0b54a913a22c816beb3bffd38e', '3 1 0a1388edd30f22c73eb0643843a88db2e674b943', '1 1 48fc163400151f2bb665637a7909410e224605fc']"
162.216.45.48,obert-eth0.taclan.de,"['2 1 1f9ce6e37a305d62c073ad071e85d4494cd6f27f', '1 1 eccab4ee0d18de958989f9ec302d63e778744f94']"
2607:f810:c20:1c:225:90ff:fe92:7f72,fs1.cse.ucdavis.edu,"['3 2 d47991f18bd9de97f07fd43f1d671338dd7d5b19dd45c8f08261167d74cf763d', '2 1 1b8ce5373c65034271972862e2a53c6504df05fc', '3 1 69a0be61ea4c259f24c1c007313d387878cd08fc', '1 1 622dddcd0c7bf80e85b038d7f1068d5f580af3e0', '2 2 45c6acb1c33f0b135549075cfc0eef63dfc22c80d4f31ef1ca3d585f0ad2aeaa', '1 2 58420d02e324a96d701eb8e05965505994fb4cf4e20c76982a904eec3e13c2c5']"
172.104.170.105,mail.nillth.com,"['4 2 997520688c79df4ce90fdf4c0d0f00541bec7877d1f1c2307ca69d9696003b22', '1 2 57b616d1b609ce2c7cd9c0d8ad0041f3dca0541a483c6fb7685be9724e3408b1', '3 2 f2cc27b00b85fe0d8c6dbaafdfb7dd961fb01c1b5e29185603d2f4f24ca3fa2f']"
94.237.10.196,box.vilpponen.net,"['3 2 8e5d65361f39167b3bc82027864220d4ec8d281c9eca1c4b77a1edec45a3209e', '4 2 f72f46c5f0e8bb32c867e5a1caf48d6f8755f204cd04617fbccae74d647bfc7b', '1 2 9aad53f50b3a017ef0841d74e74a22b2951a64b2e4f34be5d9fe7f7c621c1dc5']"
94.237.120.189,dsgnmail.com,"['3 2 0e3c4e589d81b8ec11c360d93d58313f69475c00b75687dbd28ae496f55b458c', '4 2 f8882eba6ada3bd13eb1d7d087e427a0353323a906307091092a6e5c3d762d00', '1 2 fcf6878102355eef02bb05601ef1bc547670f4b886e19e271c1ea161f8314edf']"
2607:f470:4:1::2:e,presto.net.isc.upenn.edu,"['3 2 8ec89453fb073ef8a02fcb44c1ea8678f114082eee5a6ef6e24f6c7a9df48f79', '1 2 f5f354d597ed211dcfde34c97db0570ce4d9ef980d43272562e06ec16ecb8d53', '2 2 e0c01dfb5d1ebb24175c61a90b847026fb6fdfde6351b84e79f6d8c09a984ae8', '4 2 019359ca9fcbe4c926b163b8610b9f427380fc8e12b81a124fb02a8ea778adec']"
131.188.30.139,cip7d1.cip.cs.fau.de,"['1 1 ff2cdc06053be7ed49dff09f0e107414998f0530', '1 2 d6b8626cccbe2e104e322f3736e88f112f33e6e6900ae424beba2e53263a688f']"
217.160.212.130,box.serror.net,"['3 2 f56f24231469e3f11bfffbbdd9024f4743ab0e4b9fc39ab75346b31184f1aee8', '4 2 948381f003031a1b57a55f297368069fc2564fe4f62841eaf9fa50c850f9c73c', '1 2 8cf5cd5bc2b1a622f29d06b0a0aaad9e79f9c8d65a796b977e1fe5f7829b795a']"
212.83.165.226,benedict.octopuce.fr,"['2 2 d256e3ca9110b4acceeecfa770cbe2de0cf47a706d4b7a1ba0ec7f1ebd1775d9', '2 1 1f261fe56a6e273853579f812142bea73f0dd7d2', '3 2 2fb5d04b9e0684c1a762f70e4e15a2cd6f1d09b848d8a55dd2f7301f96181580', '4 1 6223a804e27306d38c7995ffde31b1bc750d8d14', '1 1 9847e2c7b236bd7f93ca3f5952b45509a3e1bcd5', '3 1 9f2f9b9bcc655c8cdce013ae9f3e026781ef1b8a', '1 2 d0263de0177c42c7c4c90fbbdbd545397b8bd0798c78a7d554b1330bb54a921f', '4 2 b52c66e58facbb78da8a38b538b19a7df951ebb4b6d332e0ab88e522212ac6de']"
131.188.60.36,cip8e2.cip.cs.fau.de,"['1 2 9a64a6e1c74d591c8d13a41adec5151dd3b5c9a23ee65d42c651366fb8cc9ce8', '1 1 b1826f104acf066281364b0f86452f957cec14d6']"
162.55.40.33,sozialstation-oberndorf.famedly.care,"['3 2 b681b496132dec5531a24d48eda5eb6b051905e143e3795e4607f76f30f9423e', '1 2 7432f95354c4042595718477a4804b0a6f0d017643c77a7aa9cf3e30d082fbe4', '4 2 f582e7d66d617f23f31203b10fc70165b2a0668188407cc18b49ed44062a59fb']"
