ip_str,domain,sshfp
206.12.89.235,computecanada.ca,"['1 2 fc8f533c90db416b2d37dfbef6c76c15d947cbc132458d5533b38746317d95c5', '4 2 24a9f546d3399602c6a8e4da4eb79bedc382864de4993d9e502a036ab2c125a3']"
157.245.93.138,capindev.tech,"['4 1 aa0bab3c7c5a5ff369b1d1430176de5bd662d157', '1 1 8f47c25b320cd158c7a44a791bdb452a9feff3d5', '3 1 3047ca12b18d89447832effe2c36b0845c4828d3']"
66.70.220.158,usa-validinfos.com,"['2 1 7490dd583b061d3b5f11bbbcfa22d4c480e268d2', '4 1 74796980ac80c16c0c46bef1f1436738ea7333d8', '1 1 967ef6e7f9469ab26d2828b3696ec02e0d451a40', '3 1 6ac26e69ac2ed91b1391a59c4cc5e42ef7536c11']"
51.178.186.64,spicycode.eu,"['4 1 41e269aec5e1dba9434454a32768f807fd9f7e7f', '2 1 771f775ff298d25a762650d29d9a1ac2b3f81e2a', '1 1 4e57e03bfc2a932d5357efd232e61aab767a15c9', '3 1 ef6c14ba85aa506f826dc4a3b8ec5d9929a83c3a']"
217.28.145.209,eu.org,"['2 2 483fec41be7c639bb405e5e68cd15d1b632779bdbc4a2ea1145d3039e64ff570', '3 2 9a13a1c4bede22f86b76f1d4f05625f6b840f1b662bd0c6a13f4665eb3c69cc5', '1 2 dc800284c9b552dcf0ff7385468ce38eac001e511b0e1542705707d070add5d0']"
5.75.140.200,aberrata.net,"['4 2 4e099f961f80bd4efbde250b44cbae29b2442a74358170e616505c029a087935', '1 1 b7f8c9d96b2a49c7dba8ce95b91502e23f57b354', '3 1 6a0d50b77bc40890dd831e7232df23a297df9fc7', '4 1 68b6cc6d1c69f06ed21e38790c6beb8a00ee8fee', '3 2 ee8b382d70fc42f3c7911cdc3fa922545f7bad0c7077677bae8ea1834b7c9629', '1 2 9d55137f46abd8f9792f08ebe6ca6850f08b27d5f6e102fcd30d29a99e4c8fef']"
144.217.117.231,mta02.net,"['3 1 19f1667e885ce433b10f90e8fd3324937e6b527b', '2 1 990588e17d3323cc0da1683c87cd336d560a9a7b', '1 1 137f2fb8c5e4fc6c12dea4578e4579e0f7dcba8c', '4 1 18c26d0e43656ee8bcbb03f3beadad8b364c59c1']"
54.39.78.219,infotechnodeals.com,"['3 1 013700abde3cbb1d6945fa457d4930ab7b28867d', '4 1 f094789abcac956b09268cc31a0a4b5aaccc6c56', '2 1 7df904865bc0424e076cf538d4c2a22dda2c9dd3', '1 1 3c61470e2de12ee9140fa712d351a46cbd8e814f']"
206.12.91.151,computecanada.ca,"['4 2 24a9f546d3399602c6a8e4da4eb79bedc382864de4993d9e502a036ab2c125a3', '1 2 fc8f533c90db416b2d37dfbef6c76c15d947cbc132458d5533b38746317d95c5']"
206.12.101.15,computecanada.ca,"['4 2 24a9f546d3399602c6a8e4da4eb79bedc382864de4993d9e502a036ab2c125a3', '1 2 fc8f533c90db416b2d37dfbef6c76c15d947cbc132458d5533b38746317d95c5']"
194.163.171.76,5wh.info,"['2 1 d0c088d5fcf5adeb9dd6721d56463d051386e30a', '3 1 3b87de4389ef3f9768aec932716c6e147fa452f0', '4 1 c41c1455580bcbd47e0ef77a0b0ed25dcd52a370', '1 1 07e65095f335a99453afdd022731b93a39ee60a9']"
91.232.154.104,kapsi.fi,"['3 1 0cb3a9d1a2560896f78549cba87e3735d10c155f', '2 2 020c27213b5b7f9fb34e944fe556e646c3cf8cfda96aedd79e5d4c1421cf4b11', '2 1 0043570db4ca50fd69fcf7775033440452ac470b', '4 2 4f9905adc16dc086889f16d707964353f7b1b8ea2a8e56362d8303cc51e1ba48', '4 1 9f6ce32eaeeb4c860dd28b1852f8ddfbccf62acd', '3 2 6de2dc560d6de376babcf3ef47bd75b04814a265a8387ca7ed006e48fddba80e', '1 1 f569ae42799cd12f3ab31e31db3e0e5e1e8f36a2', '1 2 a77a81ef7826f26d8b0dfd2908c1684d384703779af6812d6c787f283eb07031']"
83.97.42.17,ping.de,['1 1 60d004451b5d560b4adff8ca4cb1a316c72c7187']
198.168.184.177,computecanada.ca,"['1 2 fc8f533c90db416b2d37dfbef6c76c15d947cbc132458d5533b38746317d95c5', '4 2 24a9f546d3399602c6a8e4da4eb79bedc382864de4993d9e502a036ab2c125a3']"
54.39.13.22,listsourceinfo.com,"['1 1 d3bb9ac412868736c33bafadb77db2bf53b4839e', '4 1 7d25bc40a1ad90e1ef276ce9edd5d6ecff45fa1e', '3 1 15001453bf1a3ffaedee7f3a30030fb1cef66244', '2 1 be003d74f1253a61fb6a17452c7391d9beb9d942']"
38.87.162.86,lecturify.net,"['1 1 f612f226bae0a4b00302878da5fa1d443e2f95c1', '1 2 dcff44dea83d320f07ad86f006c9518485cafc42a3f7c47bbd93edf9bb7046bc', '2 1 a99d93ac31e774f1219108b344be2d26dd714eb5', '2 2 c23f23490f60ce9d74a5a39fcff466c5eb3b111b4ff1754e047f86c80cbc56ee', '3 1 396c869cee956d467a946e237e61235e781e100a', '3 2 829f90215ca0da38138ad4534107bb8c73f9b8b61f0dd83ec84654033a5ab730', '4 1 029c430e7bf4ddf648c24fc381c0eeb28093fed9', '4 2 2b4366a6e72b1aed3d7081e9a08f18faa346897dc09f72e61e57220550a2d616']"
5.9.90.147,zertrin.org,"['1 2 1fc43765703c3dc03ad155778da1f0cdbccd0e84977dd31b23fe41df0083baf8', '1 1 7d9eb392dbb53ed8d4ece9d6dd5b637c27f25b94', '4 2 bdbbec986695c68a2033d753e392613168b03b3b8aa1a79b7fbcd58dbf19e50b', '4 1 ed5bde16d5922e6b9a184f159a4fb2bb02c03b7c']"
141.95.0.242,grapheneos.org,['4 2 0000000000000000000000000000000000000000000000000000000000000000']
66.70.238.17,b2bleadsinfo.com,"['4 1 6a3a5eb90c1d476c9923dbb847a07b7959d7c9ca', '3 1 1870036fc5497b2c83f570ef7f4f31605e0e3910', '2 1 08fec5d917be361f201bef645879741696eb14d0', '1 1 cd9a0dd1af63edc708b2fdab377bae869c88b0cc']"
206.12.101.232,computecanada.ca,"['1 2 fc8f533c90db416b2d37dfbef6c76c15d947cbc132458d5533b38746317d95c5', '4 2 24a9f546d3399602c6a8e4da4eb79bedc382864de4993d9e502a036ab2c125a3']"
167.114.206.229,primesolutionsinfo.com,"['3 1 f0b661feae2a25ee1bd7820d99419fcf092626b6', '4 1 0a84aab7eb8cd857cc4710cf8dfbb76a1863017c', '1 1 c616465d8102a8856c258c893df61cc1ad042c44', '2 1 730cd65594361dd6c26460c528367056b48d57cc']"
144.91.107.145,goliveict.com,"['4 1 c76263588ec1eee2b56c7f778a291515a818241e', '1 1 57e3b3e4106260884942c3c4965bf901cb3cb924', '3 1 d24e1e303e46ab734bab61de39d618d27ca3001d']"
184.164.147.198,magnificentminds.org,"['1 1 12ef39f5eb645a9344480e641053590860ce6a23', '4 1 d77541a43e76cc97adbf20e5cc922ec73a538bcb', '3 1 25dc6810db9a2f69f960febdebd69928b25d9907']"
206.12.95.197,computecanada.ca,"['4 2 24a9f546d3399602c6a8e4da4eb79bedc382864de4993d9e502a036ab2c125a3', '1 2 fc8f533c90db416b2d37dfbef6c76c15d947cbc132458d5533b38746317d95c5']"
2001:67c:1be8::25:1,kapsi.fi,"['4 1 9f6ce32eaeeb4c860dd28b1852f8ddfbccf62acd', '2 2 020c27213b5b7f9fb34e944fe556e646c3cf8cfda96aedd79e5d4c1421cf4b11', '1 2 a77a81ef7826f26d8b0dfd2908c1684d384703779af6812d6c787f283eb07031', '4 2 4f9905adc16dc086889f16d707964353f7b1b8ea2a8e56362d8303cc51e1ba48', '3 1 0cb3a9d1a2560896f78549cba87e3735d10c155f', '2 1 0043570db4ca50fd69fcf7775033440452ac470b', '1 1 f569ae42799cd12f3ab31e31db3e0e5e1e8f36a2', '3 2 6de2dc560d6de376babcf3ef47bd75b04814a265a8387ca7ed006e48fddba80e']"
51.158.68.104,eu.org,"['3 2 9a13a1c4bede22f86b76f1d4f05625f6b840f1b662bd0c6a13f4665eb3c69cc5', '2 2 483fec41be7c639bb405e5e68cd15d1b632779bdbc4a2ea1145d3039e64ff570', '1 2 dc800284c9b552dcf0ff7385468ce38eac001e511b0e1542705707d070add5d0']"
216.244.94.195,purwakartakab.go.id,"['2 1 a9e19c8dd171c80d47f6f034f3f169f33604ba29', '1 1 b04f140589d5aee85f15af1000907f90a4284b40']"
206.12.90.138,computecanada.ca,"['1 2 fc8f533c90db416b2d37dfbef6c76c15d947cbc132458d5533b38746317d95c5', '4 2 24a9f546d3399602c6a8e4da4eb79bedc382864de4993d9e502a036ab2c125a3']"
91.198.120.1,ytti.fi,"['2 1 31a4f8918ce6238b2f8b5ce05c1aa2f10f03d449', '1 1 d8019783963b42ca00c42cee02eed861e00da0c6']"
178.32.22.104,hf-services.net,"['1 1 037ef2eb1bd5d459330e84a39f75f9ad31b835cc', '3 1 801963398f7794740359ff5ec99fe56133056884', '4 1 850dd164ee49b3cf5f439852ec1a08ea2fe7f7d2']"
206.12.91.155,computecanada.ca,"['1 2 fc8f533c90db416b2d37dfbef6c76c15d947cbc132458d5533b38746317d95c5', '4 2 24a9f546d3399602c6a8e4da4eb79bedc382864de4993d9e502a036ab2c125a3']"
142.44.144.47,businesstechnohub.com,"['4 1 9f1bb575e42ab0cd39f28279768c7748c67336ef', '2 1 3864ced3ea4eee4ca0f997acd72a6dcc54f1095a', '1 1 9b108cf9178539be5f0858359cb65467ae043cc6', '3 1 5025df2c394deeb83341602d78f28c84b6ac4cf1']"
69.88.201.153,watchcomm.net,"['3 1 5009371318e4f68c8fd5d3f339ac60c1a9a3fdbb', '1 1 d1a19cbb7615aee22ab1c72d055c054cf36677f9', '2 1 b5fba2f5d01abf873526fe055cd11b4fbadbe018', '4 1 5c24f002ea646ac1c3ada42ba460a738eeda62ca']"
37.221.193.45,buttr.de,"['4 2 6229c051df9b6393cb804b5a0485832299ad001903b30dda15e54df6491e2d15', '1 2 1a37e76a49309c62925181a3abb50fe16b6f85517de80a262f4d346a9c384451', '3 2 53f42868ffc391231d1cc3ed5c812048504086d182be8eaaac8c15914df888d2']"
134.119.178.93,iqqmails.com,"['1 1 44c37765c79294aa53751b50c2d9cd83d8b0fa00', '4 1 0e719b8f3c204d27f879159587c9cf811a39dbab', '3 1 d0dc264afe12cc686e85a7d13ae454ad01b28b0e']"
104.130.158.145,opendev.org,"['4 2 c6de2110f23a123691d49e94ea71dc18bd6f7277d7a7f9fc2e76f42389dcab70', '1 1 09f6a01d2175742b257c6b98b7c72c44c4040683', '1 2 4158f281921260b0205508121c6f5cee879e15f22bdbc319ef2ae9fd308db3be', '3 1 91cac088707d2c61d2f0fda132d6f13cae57bcd3', '3 2 65564c015fca69e82e9b9cef35380955720c2345e660c39176782e6706e7fdd0', '4 1 f416a804701190d53b31c5a1efc2f09104c6391b']"
146.190.163.5,tritechelectrical.ca,"['4 2 fb40f009bf25039878cbbb33655e99288ff22c5cfaa45b560b6c0a163b603677', '1 2 1276aa17771e8e621a394b6d81c50ce1002c4488ab15fef353505cf0efd1fdc9', '3 2 7d5bbcb98505166c9313b37dd5f31d42f993a1abca08653d618b5793a63b2daf']"
89.163.243.173,eu.org,"['1 2 dc800284c9b552dcf0ff7385468ce38eac001e511b0e1542705707d070add5d0', '3 2 9a13a1c4bede22f86b76f1d4f05625f6b840f1b662bd0c6a13f4665eb3c69cc5', '2 2 483fec41be7c639bb405e5e68cd15d1b632779bdbc4a2ea1145d3039e64ff570']"
206.12.101.198,computecanada.ca,"['4 2 24a9f546d3399602c6a8e4da4eb79bedc382864de4993d9e502a036ab2c125a3', '1 2 fc8f533c90db416b2d37dfbef6c76c15d947cbc132458d5533b38746317d95c5']"
69.88.211.32,watchcomm.net,"['3 1 5009371318e4f68c8fd5d3f339ac60c1a9a3fdbb', '2 1 b5fba2f5d01abf873526fe055cd11b4fbadbe018', '4 1 5c24f002ea646ac1c3ada42ba460a738eeda62ca', '1 1 d1a19cbb7615aee22ab1c72d055c054cf36677f9']"
67.205.157.184,robinsons.casa,"['4 2 0a30ef6655709886213cd3739587fcdddd8e13bffa18a7cb4928f3c7fd3e18e9', '1 2 847d669a19d7ab4d8fc5d9ba26d0a006ba3deb3e8508273ba129767cf8c2f6e5', '3 2 a58e542a2fee4ea9acf7031e3fc70eed27a109f73d45ba3f17adf26781f3f224']"
206.12.92.135,computecanada.ca,"['4 2 24a9f546d3399602c6a8e4da4eb79bedc382864de4993d9e502a036ab2c125a3', '1 2 fc8f533c90db416b2d37dfbef6c76c15d947cbc132458d5533b38746317d95c5']"
87.236.146.56,eu.org,"['1 2 dc800284c9b552dcf0ff7385468ce38eac001e511b0e1542705707d070add5d0', '3 2 9a13a1c4bede22f86b76f1d4f05625f6b840f1b662bd0c6a13f4665eb3c69cc5', '2 2 483fec41be7c639bb405e5e68cd15d1b632779bdbc4a2ea1145d3039e64ff570']"
54.39.92.153,mta06.net,"['3 1 0ca36b1c738721c0494d69d99d35bed830cf5696', '2 1 b7eb4e9c1581db675ca804871765b2f64a31849c', '4 1 bbf71e78c970e8e423522bc4e8f92682bb2a5f5d', '1 1 eefd1bfb9b71c34c39d89510676f9855d31cda7b']"
159.69.238.84,casa-due-pur.de,"['4 2 11afa08d70f578ab6f3ba1e355b1b026245cb1326ff03fadfe060b5919e1bf8c', '3 1 3b559b688f903338edfd075d2bac1bacb22118da', '1 1 fbb8e1837c6bc1dc8ff961f3054b29706997e850', '1 2 931c1c66c8d19ef56fa84d2b0ed2c97bd65a5ea15a226783917d438ab55fa1ab', '3 2 d5c7ff4e590ecbb35ed71b8e68066c8cc6acb637d7b23cc458c23e0bc05db58e', '4 1 825e9a09b99c4937c055955d40e893c03368c7c6']"
206.12.90.245,computecanada.ca,"['4 2 24a9f546d3399602c6a8e4da4eb79bedc382864de4993d9e502a036ab2c125a3', '1 2 fc8f533c90db416b2d37dfbef6c76c15d947cbc132458d5533b38746317d95c5']"
206.12.90.208,computecanada.ca,"['4 2 24a9f546d3399602c6a8e4da4eb79bedc382864de4993d9e502a036ab2c125a3', '1 2 fc8f533c90db416b2d37dfbef6c76c15d947cbc132458d5533b38746317d95c5']"
192.104.234.214,insect.com,"['4 2 fed07f9ab559c3697c807bef291d24325253c8b522434e4ebf0b743679924c2a', '1 2 4bd9982b13adb924795251adbb037d22971fc91a231d53eb559e4a439cc5d24f', '4 1 a86fbf991661b46e0b4611d2a6ef483d135599ce', '1 1 da566b9c5016267ccb2cc4e1f47e3ab318fd74a9', '3 1 26f4339d45d9e54b46841fc0a14a8a5b4f767bbf', '3 2 cdee41697bdfb198c526efa19871d007fa94ce1d0a5331082a032f99e9c24955']"
75.119.159.101,ivanamat.es,"['2 1 2e735af2d4bc45ee8c709234031c8e8b11a91d20', '3 1 484a7c85116df18d99ca36e81669e5bcd6aff363', '4 1 49824f2d8cbe2ecae1b80347a7e8e0934fc5c3f7', '1 1 2275cfe84608c77a0aaf9d8b21975752a37d383a']"
206.12.94.79,computecanada.ca,"['1 2 fc8f533c90db416b2d37dfbef6c76c15d947cbc132458d5533b38746317d95c5', '4 2 24a9f546d3399602c6a8e4da4eb79bedc382864de4993d9e502a036ab2c125a3']"
206.12.89.206,computecanada.ca,"['4 2 24a9f546d3399602c6a8e4da4eb79bedc382864de4993d9e502a036ab2c125a3', '1 2 fc8f533c90db416b2d37dfbef6c76c15d947cbc132458d5533b38746317d95c5']"
206.12.92.230,computecanada.ca,"['4 2 24a9f546d3399602c6a8e4da4eb79bedc382864de4993d9e502a036ab2c125a3', '1 2 fc8f533c90db416b2d37dfbef6c76c15d947cbc132458d5533b38746317d95c5']"
206.12.93.234,computecanada.ca,"['4 2 24a9f546d3399602c6a8e4da4eb79bedc382864de4993d9e502a036ab2c125a3', '1 2 fc8f533c90db416b2d37dfbef6c76c15d947cbc132458d5533b38746317d95c5']"
206.12.89.236,computecanada.ca,"['1 2 fc8f533c90db416b2d37dfbef6c76c15d947cbc132458d5533b38746317d95c5', '4 2 24a9f546d3399602c6a8e4da4eb79bedc382864de4993d9e502a036ab2c125a3']"
195.201.94.75,percondigital.com,"['1 1 0f627b83c0a9b72210b1bf01f61e77f241d00fc0', '3 1 2a2e9e18b69aeebc87ffa24c2aae5cdf3f9d0cee', '4 1 0e943c2ce6d9051420be0a69f2186449d9dbf6d6']"
104.239.145.30,opendev.org,"['1 1 09f6a01d2175742b257c6b98b7c72c44c4040683', '1 2 4158f281921260b0205508121c6f5cee879e15f22bdbc319ef2ae9fd308db3be', '3 1 91cac088707d2c61d2f0fda132d6f13cae57bcd3', '3 2 65564c015fca69e82e9b9cef35380955720c2345e660c39176782e6706e7fdd0', '4 1 f416a804701190d53b31c5a1efc2f09104c6391b', '4 2 c6de2110f23a123691d49e94ea71dc18bd6f7277d7a7f9fc2e76f42389dcab70']"
74.126.32.3,watchcomm.net,"['4 1 5c24f002ea646ac1c3ada42ba460a738eeda62ca', '1 1 d1a19cbb7615aee22ab1c72d055c054cf36677f9', '3 1 5009371318e4f68c8fd5d3f339ac60c1a9a3fdbb', '2 1 b5fba2f5d01abf873526fe055cd11b4fbadbe018']"
45.155.121.197,eu.org,"['1 2 dc800284c9b552dcf0ff7385468ce38eac001e511b0e1542705707d070add5d0', '3 2 9a13a1c4bede22f86b76f1d4f05625f6b840f1b662bd0c6a13f4665eb3c69cc5', '2 2 483fec41be7c639bb405e5e68cd15d1b632779bdbc4a2ea1145d3039e64ff570']"
206.12.89.223,computecanada.ca,"['4 2 24a9f546d3399602c6a8e4da4eb79bedc382864de4993d9e502a036ab2c125a3', '1 2 fc8f533c90db416b2d37dfbef6c76c15d947cbc132458d5533b38746317d95c5']"
198.168.186.163,computecanada.ca,"['4 2 24a9f546d3399602c6a8e4da4eb79bedc382864de4993d9e502a036ab2c125a3', '1 2 fc8f533c90db416b2d37dfbef6c76c15d947cbc132458d5533b38746317d95c5']"
94.237.120.189,dsgnmail.com,"['1 2 fcf6878102355eef02bb05601ef1bc547670f4b886e19e271c1ea161f8314edf', '3 2 0e3c4e589d81b8ec11c360d93d58313f69475c00b75687dbd28ae496f55b458c', '4 2 f8882eba6ada3bd13eb1d7d087e427a0353323a906307091092a6e5c3d762d00']"
